-- =============================================
-- Natural Glowra: Seed RBAC Data + Admin User
-- =============================================
-- Run on VPS:
--   psql -U postgres -d natural_glowra -f db/migrations/2026-03-31-seed-glowra-rbac-and-admin.sql
--
-- This is IDEMPOTENT — safe to run multiple times (ON CONFLICT DO NOTHING).
-- =============================================

BEGIN;

-- ── 1. PERMISSIONS ────────────────────────────
INSERT INTO public.permissions (id, name, slug, module, action, description, created_at) VALUES (1, 'View System Settings', 'view-system-settings', 'system', 'read', 'View system-wide configuration', '2025-12-13 03:54:11.069745') ON CONFLICT (id) DO NOTHING;
INSERT INTO public.permissions (id, name, slug, module, action, description, created_at) VALUES (2, 'Manage System Settings', 'manage-system-settings', 'system', 'update', 'Edit tax, currency, brand settings, invoice templates', '2025-12-13 03:54:11.069745') ON CONFLICT (id) DO NOTHING;
INSERT INTO public.permissions (id, name, slug, module, action, description, created_at) VALUES (3, 'Manage API Keys', 'manage-api-keys', 'system', 'update', 'Configure API keys and integrations', '2025-12-13 03:54:11.069745') ON CONFLICT (id) DO NOTHING;
INSERT INTO public.permissions (id, name, slug, module, action, description, created_at) VALUES (4, 'View Audit Logs', 'view-audit-logs', 'system', 'read', 'View system audit logs', '2025-12-13 03:54:11.069745') ON CONFLICT (id) DO NOTHING;
INSERT INTO public.permissions (id, name, slug, module, action, description, created_at) VALUES (5, 'Manage Backups', 'manage-backups', 'system', 'update', 'Backup and restore data', '2025-12-13 03:54:11.069745') ON CONFLICT (id) DO NOTHING;
INSERT INTO public.permissions (id, name, slug, module, action, description, created_at) VALUES (6, 'Create Users', 'create-users', 'users', 'create', 'Create new user accounts', '2025-12-13 03:54:11.069745') ON CONFLICT (id) DO NOTHING;
INSERT INTO public.permissions (id, name, slug, module, action, description, created_at) VALUES (7, 'View Users', 'view-users', 'users', 'read', 'View user list and details', '2025-12-13 03:54:11.069745') ON CONFLICT (id) DO NOTHING;
INSERT INTO public.permissions (id, name, slug, module, action, description, created_at) VALUES (8, 'Edit Users', 'edit-users', 'users', 'update', 'Edit user information', '2025-12-13 03:54:11.069745') ON CONFLICT (id) DO NOTHING;
INSERT INTO public.permissions (id, name, slug, module, action, description, created_at) VALUES (9, 'Delete Users', 'delete-users', 'users', 'delete', 'Delete user accounts', '2025-12-13 03:54:11.069745') ON CONFLICT (id) DO NOTHING;
INSERT INTO public.permissions (id, name, slug, module, action, description, created_at) VALUES (10, 'Assign Roles', 'assign-roles', 'users', 'update', 'Assign roles and permissions to users', '2025-12-13 03:54:11.069745') ON CONFLICT (id) DO NOTHING;
INSERT INTO public.permissions (id, name, slug, module, action, description, created_at) VALUES (11, 'View Own Profile', 'view-own-profile', 'users', 'read', 'View own user profile', '2025-12-13 03:54:11.069745') ON CONFLICT (id) DO NOTHING;
INSERT INTO public.permissions (id, name, slug, module, action, description, created_at) VALUES (12, 'Edit Own Profile', 'edit-own-profile', 'users', 'update', 'Edit own profile information', '2025-12-13 03:54:11.069745') ON CONFLICT (id) DO NOTHING;
INSERT INTO public.permissions (id, name, slug, module, action, description, created_at) VALUES (13, 'Create Products', 'create-products', 'products', 'create', 'Create new products', '2025-12-13 03:54:11.069745') ON CONFLICT (id) DO NOTHING;
INSERT INTO public.permissions (id, name, slug, module, action, description, created_at) VALUES (14, 'View Products', 'view-products', 'products', 'read', 'View product list and details', '2025-12-13 03:54:11.069745') ON CONFLICT (id) DO NOTHING;
INSERT INTO public.permissions (id, name, slug, module, action, description, created_at) VALUES (15, 'Edit Products', 'edit-products', 'products', 'update', 'Edit product information', '2025-12-13 03:54:11.069745') ON CONFLICT (id) DO NOTHING;
INSERT INTO public.permissions (id, name, slug, module, action, description, created_at) VALUES (16, 'Delete Products', 'delete-products', 'products', 'delete', 'Delete products', '2025-12-13 03:54:11.069745') ON CONFLICT (id) DO NOTHING;
INSERT INTO public.permissions (id, name, slug, module, action, description, created_at) VALUES (17, 'Manage Product Prices', 'manage-product-prices', 'products', 'update', 'Update product pricing', '2025-12-13 03:54:11.069745') ON CONFLICT (id) DO NOTHING;
INSERT INTO public.permissions (id, name, slug, module, action, description, created_at) VALUES (18, 'Approve Price Changes', 'approve-price-changes', 'products', 'approve', 'Approve product price modifications', '2025-12-13 03:54:11.069745') ON CONFLICT (id) DO NOTHING;
INSERT INTO public.permissions (id, name, slug, module, action, description, created_at) VALUES (19, 'Manage Categories', 'manage-categories', 'products', 'update', 'Create and edit product categories', '2025-12-13 03:54:11.069745') ON CONFLICT (id) DO NOTHING;
INSERT INTO public.permissions (id, name, slug, module, action, description, created_at) VALUES (20, 'View Product Reports', 'view-product-reports', 'products', 'read', 'View product analytics and reports', '2025-12-13 03:54:11.069745') ON CONFLICT (id) DO NOTHING;
INSERT INTO public.permissions (id, name, slug, module, action, description, created_at) VALUES (21, 'View Inventory', 'view-inventory', 'inventory', 'read', 'View stock levels and inventory', '2025-12-13 03:54:11.069745') ON CONFLICT (id) DO NOTHING;
INSERT INTO public.permissions (id, name, slug, module, action, description, created_at) VALUES (22, 'Manage Stock', 'manage-stock', 'inventory', 'update', 'Update stock quantities', '2025-12-13 03:54:11.069745') ON CONFLICT (id) DO NOTHING;
INSERT INTO public.permissions (id, name, slug, module, action, description, created_at) VALUES (23, 'Create GRN', 'create-grn', 'inventory', 'create', 'Create Goods Receive Notes', '2025-12-13 03:54:11.069745') ON CONFLICT (id) DO NOTHING;
INSERT INTO public.permissions (id, name, slug, module, action, description, created_at) VALUES (24, 'Stock Transfer', 'stock-transfer', 'inventory', 'update', 'Transfer stock between warehouses', '2025-12-13 03:54:11.069745') ON CONFLICT (id) DO NOTHING;
INSERT INTO public.permissions (id, name, slug, module, action, description, created_at) VALUES (25, 'Stock Adjustment', 'stock-adjustment', 'inventory', 'update', 'Create stock adjustment requests', '2025-12-13 03:54:11.069745') ON CONFLICT (id) DO NOTHING;
INSERT INTO public.permissions (id, name, slug, module, action, description, created_at) VALUES (26, 'Approve Stock Adjustment', 'approve-stock-adjustment', 'inventory', 'approve', 'Approve stock adjustments', '2025-12-13 03:54:11.069745') ON CONFLICT (id) DO NOTHING;
INSERT INTO public.permissions (id, name, slug, module, action, description, created_at) VALUES (27, 'Manage Warehouses', 'manage-warehouses', 'inventory', 'update', 'Create and edit warehouse settings', '2025-12-13 03:54:11.069745') ON CONFLICT (id) DO NOTHING;
INSERT INTO public.permissions (id, name, slug, module, action, description, created_at) VALUES (28, 'View Stock Reports', 'view-stock-reports', 'inventory', 'read', 'View stock ledger and reports', '2025-12-13 03:54:11.069745') ON CONFLICT (id) DO NOTHING;
INSERT INTO public.permissions (id, name, slug, module, action, description, created_at) VALUES (29, 'Batch Tracking', 'batch-tracking', 'inventory', 'read', 'View batch and expiry tracking', '2025-12-13 03:54:11.069745') ON CONFLICT (id) DO NOTHING;
INSERT INTO public.permissions (id, name, slug, module, action, description, created_at) VALUES (30, 'Create Sales Orders', 'create-sales-orders', 'sales', 'create', 'Create sales orders and drafts', '2025-12-13 03:54:11.069745') ON CONFLICT (id) DO NOTHING;
INSERT INTO public.permissions (id, name, slug, module, action, description, created_at) VALUES (31, 'View Sales Orders', 'view-sales-orders', 'sales', 'read', 'View sales order list and details', '2025-12-13 03:54:11.069745') ON CONFLICT (id) DO NOTHING;
INSERT INTO public.permissions (id, name, slug, module, action, description, created_at) VALUES (32, 'Edit Sales Orders', 'edit-sales-orders', 'sales', 'update', 'Edit sales order information', '2025-12-13 03:54:11.069745') ON CONFLICT (id) DO NOTHING;
INSERT INTO public.permissions (id, name, slug, module, action, description, created_at) VALUES (33, 'Delete Sales Orders', 'delete-sales-orders', 'sales', 'delete', 'Delete sales orders', '2025-12-13 03:54:11.069745') ON CONFLICT (id) DO NOTHING;
INSERT INTO public.permissions (id, name, slug, module, action, description, created_at) VALUES (34, 'Approve Sales Orders', 'approve-sales-orders', 'sales', 'approve', 'Approve and finalize sales orders', '2025-12-13 03:54:11.069745') ON CONFLICT (id) DO NOTHING;
INSERT INTO public.permissions (id, name, slug, module, action, description, created_at) VALUES (35, 'View Sales Reports', 'view-sales-reports', 'sales', 'read', 'View sales analytics and reports', '2025-12-13 03:54:11.069745') ON CONFLICT (id) DO NOTHING;
INSERT INTO public.permissions (id, name, slug, module, action, description, created_at) VALUES (36, 'Manage Discounts', 'manage-discounts', 'sales', 'update', 'Apply discounts and offers', '2025-12-13 03:54:11.069745') ON CONFLICT (id) DO NOTHING;
INSERT INTO public.permissions (id, name, slug, module, action, description, created_at) VALUES (37, 'Process Returns', 'process-returns', 'sales', 'update', 'Process sales returns and refunds', '2025-12-13 03:54:11.069745') ON CONFLICT (id) DO NOTHING;
INSERT INTO public.permissions (id, name, slug, module, action, description, created_at) VALUES (38, 'Create Purchase Orders', 'create-purchase-orders', 'purchase', 'create', 'Create purchase orders', '2025-12-13 03:54:11.069745') ON CONFLICT (id) DO NOTHING;
INSERT INTO public.permissions (id, name, slug, module, action, description, created_at) VALUES (39, 'View Purchase Orders', 'view-purchase-orders', 'purchase', 'read', 'View purchase order list', '2025-12-13 03:54:11.069745') ON CONFLICT (id) DO NOTHING;
INSERT INTO public.permissions (id, name, slug, module, action, description, created_at) VALUES (40, 'Edit Purchase Orders', 'edit-purchase-orders', 'purchase', 'update', 'Edit purchase orders', '2025-12-13 03:54:11.069745') ON CONFLICT (id) DO NOTHING;
INSERT INTO public.permissions (id, name, slug, module, action, description, created_at) VALUES (41, 'Delete Purchase Orders', 'delete-purchase-orders', 'purchase', 'delete', 'Delete purchase orders', '2025-12-13 03:54:11.069745') ON CONFLICT (id) DO NOTHING;
INSERT INTO public.permissions (id, name, slug, module, action, description, created_at) VALUES (42, 'Approve Purchase Orders', 'approve-purchase-orders', 'purchase', 'approve', 'Approve purchase orders', '2025-12-13 03:54:11.069745') ON CONFLICT (id) DO NOTHING;
INSERT INTO public.permissions (id, name, slug, module, action, description, created_at) VALUES (43, 'Manage Suppliers', 'manage-suppliers', 'purchase', 'update', 'Create and edit supplier information', '2025-12-13 03:54:11.069745') ON CONFLICT (id) DO NOTHING;
INSERT INTO public.permissions (id, name, slug, module, action, description, created_at) VALUES (44, 'View Supplier Bills', 'view-supplier-bills', 'purchase', 'read', 'View supplier bills and payments', '2025-12-13 03:54:11.069745') ON CONFLICT (id) DO NOTHING;
INSERT INTO public.permissions (id, name, slug, module, action, description, created_at) VALUES (45, 'Manage Quotations', 'manage-quotations', 'purchase', 'update', 'Manage supplier quotations', '2025-12-13 03:54:11.069745') ON CONFLICT (id) DO NOTHING;
INSERT INTO public.permissions (id, name, slug, module, action, description, created_at) VALUES (46, 'View Purchase Reports', 'view-purchase-reports', 'purchase', 'read', 'View purchase analytics', '2025-12-13 03:54:11.069745') ON CONFLICT (id) DO NOTHING;
INSERT INTO public.permissions (id, name, slug, module, action, description, created_at) VALUES (47, 'Create Leads', 'create-leads', 'crm', 'create', 'Create new leads', '2025-12-13 03:54:11.069745') ON CONFLICT (id) DO NOTHING;
INSERT INTO public.permissions (id, name, slug, module, action, description, created_at) VALUES (48, 'View Leads', 'view-leads', 'crm', 'read', 'View leads and pipeline', '2025-12-13 03:54:11.069745') ON CONFLICT (id) DO NOTHING;
INSERT INTO public.permissions (id, name, slug, module, action, description, created_at) VALUES (49, 'Edit Leads', 'edit-leads', 'crm', 'update', 'Edit lead information', '2025-12-13 03:54:11.069745') ON CONFLICT (id) DO NOTHING;
INSERT INTO public.permissions (id, name, slug, module, action, description, created_at) VALUES (50, 'Delete Leads', 'delete-leads', 'crm', 'delete', 'Delete leads', '2025-12-13 03:54:11.069745') ON CONFLICT (id) DO NOTHING;
INSERT INTO public.permissions (id, name, slug, module, action, description, created_at) VALUES (51, 'Create Customers', 'create-customers', 'crm', 'create', 'Create customer accounts', '2025-12-13 03:54:11.069745') ON CONFLICT (id) DO NOTHING;
INSERT INTO public.permissions (id, name, slug, module, action, description, created_at) VALUES (52, 'View Customers', 'view-customers', 'crm', 'read', 'View customer list and details', '2025-12-13 03:54:11.069745') ON CONFLICT (id) DO NOTHING;
INSERT INTO public.permissions (id, name, slug, module, action, description, created_at) VALUES (53, 'Edit Customers', 'edit-customers', 'crm', 'update', 'Edit customer information', '2025-12-13 03:54:11.069745') ON CONFLICT (id) DO NOTHING;
INSERT INTO public.permissions (id, name, slug, module, action, description, created_at) VALUES (54, 'Delete Customers', 'delete-customers', 'crm', 'delete', 'Delete customer accounts', '2025-12-13 03:54:11.069745') ON CONFLICT (id) DO NOTHING;
INSERT INTO public.permissions (id, name, slug, module, action, description, created_at) VALUES (55, 'Manage Call Logs', 'manage-call-logs', 'crm', 'update', 'Create and edit call logs', '2025-12-13 03:54:11.069745') ON CONFLICT (id) DO NOTHING;
INSERT INTO public.permissions (id, name, slug, module, action, description, created_at) VALUES (56, 'Manage Follow-ups', 'manage-follow-ups', 'crm', 'update', 'Schedule and manage follow-ups', '2025-12-13 03:54:11.069745') ON CONFLICT (id) DO NOTHING;
INSERT INTO public.permissions (id, name, slug, module, action, description, created_at) VALUES (57, 'View CRM Reports', 'view-crm-reports', 'crm', 'read', 'View CRM analytics and reports', '2025-12-13 03:54:11.069745') ON CONFLICT (id) DO NOTHING;
INSERT INTO public.permissions (id, name, slug, module, action, description, created_at) VALUES (58, 'Create Invoices', 'create-invoices', 'accounts', 'create', 'Generate customer invoices', '2025-12-13 03:54:11.069745') ON CONFLICT (id) DO NOTHING;
INSERT INTO public.permissions (id, name, slug, module, action, description, created_at) VALUES (59, 'View Invoices', 'view-invoices', 'accounts', 'read', 'View invoice list and details', '2025-12-13 03:54:11.069745') ON CONFLICT (id) DO NOTHING;
INSERT INTO public.permissions (id, name, slug, module, action, description, created_at) VALUES (60, 'Edit Invoices', 'edit-invoices', 'accounts', 'update', 'Edit invoice information', '2025-12-13 03:54:11.069745') ON CONFLICT (id) DO NOTHING;
INSERT INTO public.permissions (id, name, slug, module, action, description, created_at) VALUES (61, 'Manage Payments', 'manage-payments', 'accounts', 'update', 'Record payments and receipts', '2025-12-13 03:54:11.069745') ON CONFLICT (id) DO NOTHING;
INSERT INTO public.permissions (id, name, slug, module, action, description, created_at) VALUES (62, 'View Ledgers', 'view-ledgers', 'accounts', 'read', 'View ledger entries', '2025-12-13 03:54:11.069745') ON CONFLICT (id) DO NOTHING;
INSERT INTO public.permissions (id, name, slug, module, action, description, created_at) VALUES (63, 'Manage Ledgers', 'manage-ledgers', 'accounts', 'update', 'Create and edit ledger entries', '2025-12-13 03:54:11.069745') ON CONFLICT (id) DO NOTHING;
INSERT INTO public.permissions (id, name, slug, module, action, description, created_at) VALUES (64, 'Bank Reconciliation', 'bank-reconciliation', 'accounts', 'update', 'Perform bank reconciliation', '2025-12-13 03:54:11.069745') ON CONFLICT (id) DO NOTHING;
INSERT INTO public.permissions (id, name, slug, module, action, description, created_at) VALUES (65, 'View Financial Reports', 'view-financial-reports', 'accounts', 'read', 'View P&L, balance sheet, cash flow', '2025-12-13 03:54:11.069745') ON CONFLICT (id) DO NOTHING;
INSERT INTO public.permissions (id, name, slug, module, action, description, created_at) VALUES (66, 'Manage Expenses', 'manage-expenses', 'accounts', 'update', 'Record and track expenses', '2025-12-13 03:54:11.069745') ON CONFLICT (id) DO NOTHING;
INSERT INTO public.permissions (id, name, slug, module, action, description, created_at) VALUES (67, 'Process Refunds', 'process-refunds', 'accounts', 'update', 'Process customer refunds', '2025-12-13 03:54:11.069745') ON CONFLICT (id) DO NOTHING;
INSERT INTO public.permissions (id, name, slug, module, action, description, created_at) VALUES (68, 'View Customer Dues', 'view-customer-dues', 'accounts', 'read', 'Track customer outstanding payments', '2025-12-13 03:54:11.069745') ON CONFLICT (id) DO NOTHING;
INSERT INTO public.permissions (id, name, slug, module, action, description, created_at) VALUES (69, 'Create Employees', 'create-employees', 'hr', 'create', 'Create employee profiles', '2025-12-13 03:54:11.069745') ON CONFLICT (id) DO NOTHING;
INSERT INTO public.permissions (id, name, slug, module, action, description, created_at) VALUES (70, 'View Employees', 'view-employees', 'hr', 'read', 'View employee list and details', '2025-12-13 03:54:11.069745') ON CONFLICT (id) DO NOTHING;
INSERT INTO public.permissions (id, name, slug, module, action, description, created_at) VALUES (71, 'Edit Employees', 'edit-employees', 'hr', 'update', 'Edit employee information', '2025-12-13 03:54:11.069745') ON CONFLICT (id) DO NOTHING;
INSERT INTO public.permissions (id, name, slug, module, action, description, created_at) VALUES (72, 'Delete Employees', 'delete-employees', 'hr', 'delete', 'Delete employee records', '2025-12-13 03:54:11.069745') ON CONFLICT (id) DO NOTHING;
INSERT INTO public.permissions (id, name, slug, module, action, description, created_at) VALUES (73, 'Manage Attendance', 'manage-attendance', 'hr', 'update', 'Record and edit attendance', '2025-12-13 03:54:11.069745') ON CONFLICT (id) DO NOTHING;
INSERT INTO public.permissions (id, name, slug, module, action, description, created_at) VALUES (74, 'Approve Leave', 'approve-leave', 'hr', 'approve', 'Approve employee leave requests', '2025-12-13 03:54:11.069745') ON CONFLICT (id) DO NOTHING;
INSERT INTO public.permissions (id, name, slug, module, action, description, created_at) VALUES (75, 'Process Payroll', 'process-payroll', 'hr', 'update', 'Process salary and payroll', '2025-12-13 03:54:11.069745') ON CONFLICT (id) DO NOTHING;
INSERT INTO public.permissions (id, name, slug, module, action, description, created_at) VALUES (76, 'Generate Payslips', 'generate-payslips', 'hr', 'create', 'Generate employee payslips', '2025-12-13 03:54:11.069745') ON CONFLICT (id) DO NOTHING;
INSERT INTO public.permissions (id, name, slug, module, action, description, created_at) VALUES (77, 'View HR Reports', 'view-hr-reports', 'hr', 'read', 'View HR analytics and reports', '2025-12-13 03:54:11.069745') ON CONFLICT (id) DO NOTHING;
INSERT INTO public.permissions (id, name, slug, module, action, description, created_at) VALUES (78, 'Performance Evaluation', 'performance-evaluation', 'hr', 'update', 'Manage performance reviews', '2025-12-13 03:54:11.069745') ON CONFLICT (id) DO NOTHING;
INSERT INTO public.permissions (id, name, slug, module, action, description, created_at) VALUES (79, 'View Assigned Deliveries', 'view-assigned-deliveries', 'delivery', 'read', 'View assigned delivery list', '2025-12-13 03:54:11.069745') ON CONFLICT (id) DO NOTHING;
INSERT INTO public.permissions (id, name, slug, module, action, description, created_at) VALUES (80, 'Update Delivery Status', 'update-delivery-status', 'delivery', 'update', 'Update delivery status and POD', '2025-12-13 03:54:11.069745') ON CONFLICT (id) DO NOTHING;
INSERT INTO public.permissions (id, name, slug, module, action, description, created_at) VALUES (81, 'Manage Delivery Routes', 'manage-delivery-routes', 'delivery', 'update', 'Manage delivery route planning', '2025-12-13 03:54:11.069745') ON CONFLICT (id) DO NOTHING;
INSERT INTO public.permissions (id, name, slug, module, action, description, created_at) VALUES (82, 'View Delivery Reports', 'view-delivery-reports', 'delivery', 'read', 'View delivery analytics', '2025-12-13 03:54:11.069745') ON CONFLICT (id) DO NOTHING;
INSERT INTO public.permissions (id, name, slug, module, action, description, created_at) VALUES (83, 'Create Campaigns', 'create-campaigns', 'marketing', 'create', 'Create marketing campaigns', '2025-12-13 03:54:11.069745') ON CONFLICT (id) DO NOTHING;
INSERT INTO public.permissions (id, name, slug, module, action, description, created_at) VALUES (84, 'View Campaigns', 'view-campaigns', 'marketing', 'read', 'View campaign list and analytics', '2025-12-13 03:54:11.069745') ON CONFLICT (id) DO NOTHING;
INSERT INTO public.permissions (id, name, slug, module, action, description, created_at) VALUES (85, 'Edit Campaigns', 'edit-campaigns', 'marketing', 'update', 'Edit campaign information', '2025-12-13 03:54:11.069745') ON CONFLICT (id) DO NOTHING;
INSERT INTO public.permissions (id, name, slug, module, action, description, created_at) VALUES (86, 'Delete Campaigns', 'delete-campaigns', 'marketing', 'delete', 'Delete campaigns', '2025-12-13 03:54:11.069745') ON CONFLICT (id) DO NOTHING;
INSERT INTO public.permissions (id, name, slug, module, action, description, created_at) VALUES (87, 'Manage Banners', 'manage-banners', 'marketing', 'update', 'Upload and manage banners/sliders', '2025-12-13 03:54:11.069745') ON CONFLICT (id) DO NOTHING;
INSERT INTO public.permissions (id, name, slug, module, action, description, created_at) VALUES (88, 'Create Coupons', 'create-coupons', 'marketing', 'create', 'Create coupon codes', '2025-12-13 03:54:11.069745') ON CONFLICT (id) DO NOTHING;
INSERT INTO public.permissions (id, name, slug, module, action, description, created_at) VALUES (89, 'View Marketing Reports', 'view-marketing-reports', 'marketing', 'read', 'View marketing analytics', '2025-12-13 03:54:11.069745') ON CONFLICT (id) DO NOTHING;
INSERT INTO public.permissions (id, name, slug, module, action, description, created_at) VALUES (90, 'Customer Segmentation', 'customer-segmentation', 'marketing', 'read', 'View customer segments', '2025-12-13 03:54:11.069745') ON CONFLICT (id) DO NOTHING;
INSERT INTO public.permissions (id, name, slug, module, action, description, created_at) VALUES (91, 'Send Broadcasts', 'send-broadcasts', 'marketing', 'create', 'Send SMS/Email broadcasts', '2025-12-13 03:54:11.069745') ON CONFLICT (id) DO NOTHING;
INSERT INTO public.permissions (id, name, slug, module, action, description, created_at) VALUES (92, 'View Own MLM Tree', 'view-own-mlm-tree', 'mlm', 'read', 'View own MLM team structure', '2025-12-13 03:54:11.069745') ON CONFLICT (id) DO NOTHING;
INSERT INTO public.permissions (id, name, slug, module, action, description, created_at) VALUES (93, 'View Own Wallet', 'view-own-wallet', 'mlm', 'read', 'View wallet balance and points', '2025-12-13 03:54:11.069745') ON CONFLICT (id) DO NOTHING;
INSERT INTO public.permissions (id, name, slug, module, action, description, created_at) VALUES (94, 'View Own Orders', 'view-own-orders', 'mlm', 'read', 'View own order history', '2025-12-13 03:54:11.069745') ON CONFLICT (id) DO NOTHING;
INSERT INTO public.permissions (id, name, slug, module, action, description, created_at) VALUES (95, 'Create Support Tickets', 'create-support-tickets', 'mlm', 'create', 'Create support tickets', '2025-12-13 03:54:11.069745') ON CONFLICT (id) DO NOTHING;
INSERT INTO public.permissions (id, name, slug, module, action, description, created_at) VALUES (96, 'Share Referral Link', 'share-referral-link', 'mlm', 'read', 'Access referral link and share', '2025-12-13 03:54:11.069745') ON CONFLICT (id) DO NOTHING;
INSERT INTO public.permissions (id, name, slug, module, action, description, created_at) VALUES (97, 'View MLM Reports', 'view-mlm-reports', 'mlm', 'read', 'View MLM commission reports', '2025-12-13 03:54:11.069745') ON CONFLICT (id) DO NOTHING;
INSERT INTO public.permissions (id, name, slug, module, action, description, created_at) VALUES (98, 'Manage MLM Settings', 'manage-mlm-settings', 'mlm', 'update', 'Configure MLM plans and commissions', '2025-12-13 03:54:11.069745') ON CONFLICT (id) DO NOTHING;
INSERT INTO public.permissions (id, name, slug, module, action, description, created_at) VALUES (99, 'View Own Supplier Profile', 'view-own-supplier-profile', 'supplier', 'read', 'View own supplier profile', '2025-12-13 03:54:11.069745') ON CONFLICT (id) DO NOTHING;
INSERT INTO public.permissions (id, name, slug, module, action, description, created_at) VALUES (100, 'Edit Own Supplier Profile', 'edit-own-supplier-profile', 'supplier', 'update', 'Edit own company profile', '2025-12-13 03:54:11.069745') ON CONFLICT (id) DO NOTHING;
INSERT INTO public.permissions (id, name, slug, module, action, description, created_at) VALUES (101, 'View Received POs', 'view-received-pos', 'supplier', 'read', 'View purchase orders received', '2025-12-13 03:54:11.069745') ON CONFLICT (id) DO NOTHING;
INSERT INTO public.permissions (id, name, slug, module, action, description, created_at) VALUES (102, 'Update PO Status', 'update-po-status', 'supplier', 'update', 'Accept/reject POs and update delivery dates', '2025-12-13 03:54:11.069745') ON CONFLICT (id) DO NOTHING;
INSERT INTO public.permissions (id, name, slug, module, action, description, created_at) VALUES (103, 'Upload Invoices', 'upload-invoices', 'supplier', 'create', 'Upload supplier invoices', '2025-12-13 03:54:11.069745') ON CONFLICT (id) DO NOTHING;
INSERT INTO public.permissions (id, name, slug, module, action, description, created_at) VALUES (104, 'View Payment Status', 'view-payment-status', 'supplier', 'read', 'Track payment status', '2025-12-13 03:54:11.069745') ON CONFLICT (id) DO NOTHING;
INSERT INTO public.permissions (id, name, slug, module, action, description, created_at) VALUES (105, 'Chat with Purchase Manager', 'chat-with-purchase-manager', 'supplier', 'create', 'Send messages to purchase team', '2025-12-13 03:54:11.069745') ON CONFLICT (id) DO NOTHING;
INSERT INTO public.permissions (id, name, slug, module, action, description, created_at) VALUES (106, 'View Dashboard', 'view-dashboard', 'dashboard', 'read', 'Access main dashboard', '2025-12-13 03:54:11.069745') ON CONFLICT (id) DO NOTHING;
INSERT INTO public.permissions (id, name, slug, module, action, description, created_at) VALUES (107, 'View All Reports', 'view-all-reports', 'dashboard', 'read', 'View all report sections', '2025-12-13 03:54:11.069745') ON CONFLICT (id) DO NOTHING;
INSERT INTO public.permissions (id, name, slug, module, action, description, created_at) VALUES (108, 'Export Reports', 'export-reports', 'dashboard', 'read', 'Export reports to Excel/PDF', '2025-12-13 03:54:11.069745') ON CONFLICT (id) DO NOTHING;
INSERT INTO public.permissions (id, name, slug, module, action, description, created_at) VALUES (109, 'View Analytics', 'view-analytics', 'dashboard', 'read', 'View business analytics', '2025-12-13 03:54:11.069745') ON CONFLICT (id) DO NOTHING;
INSERT INTO public.permissions (id, name, slug, module, action, description, created_at) VALUES (208, 'Create Job Posts', 'create-job-posts', 'recruitment', 'create', 'Create and publish job postings', '2025-12-13 04:13:20.877891') ON CONFLICT (id) DO NOTHING;
INSERT INTO public.permissions (id, name, slug, module, action, description, created_at) VALUES (209, 'View Job Posts', 'view-job-posts', 'recruitment', 'read', 'View all job postings', '2025-12-13 04:13:20.877891') ON CONFLICT (id) DO NOTHING;
INSERT INTO public.permissions (id, name, slug, module, action, description, created_at) VALUES (210, 'Edit Job Posts', 'edit-job-posts', 'recruitment', 'update', 'Edit job posting details', '2025-12-13 04:13:20.877891') ON CONFLICT (id) DO NOTHING;
INSERT INTO public.permissions (id, name, slug, module, action, description, created_at) VALUES (211, 'Close Job Posts', 'close-job-posts', 'recruitment', 'update', 'Close job postings', '2025-12-13 04:13:20.877891') ON CONFLICT (id) DO NOTHING;
INSERT INTO public.permissions (id, name, slug, module, action, description, created_at) VALUES (212, 'Publish Unpublish Jobs', 'publish-unpublish-jobs', 'recruitment', 'update', 'Publish or unpublish job posts', '2025-12-13 04:13:20.877891') ON CONFLICT (id) DO NOTHING;
INSERT INTO public.permissions (id, name, slug, module, action, description, created_at) VALUES (213, 'View Applicants', 'view-applicants', 'recruitment', 'read', 'View applicant list and details', '2025-12-13 04:13:20.877891') ON CONFLICT (id) DO NOTHING;
INSERT INTO public.permissions (id, name, slug, module, action, description, created_at) VALUES (214, 'View Applicant CV', 'view-applicant-cv', 'recruitment', 'read', 'View and download applicant resumes', '2025-12-13 04:13:20.877891') ON CONFLICT (id) DO NOTHING;
INSERT INTO public.permissions (id, name, slug, module, action, description, created_at) VALUES (215, 'Shortlist Applicants', 'shortlist-applicants', 'recruitment', 'update', 'Shortlist job applicants', '2025-12-13 04:13:20.877891') ON CONFLICT (id) DO NOTHING;
INSERT INTO public.permissions (id, name, slug, module, action, description, created_at) VALUES (216, 'Reject Applicants', 'reject-applicants', 'recruitment', 'update', 'Reject job applicants', '2025-12-13 04:13:20.877891') ON CONFLICT (id) DO NOTHING;
INSERT INTO public.permissions (id, name, slug, module, action, description, created_at) VALUES (217, 'Hold Applicants', 'hold-applicants', 'recruitment', 'update', 'Put applicants on hold', '2025-12-13 04:13:20.877891') ON CONFLICT (id) DO NOTHING;
INSERT INTO public.permissions (id, name, slug, module, action, description, created_at) VALUES (218, 'Tag Applicants', 'tag-applicants', 'recruitment', 'update', 'Tag candidates as Hot/Average/Future', '2025-12-13 04:13:20.877891') ON CONFLICT (id) DO NOTHING;
INSERT INTO public.permissions (id, name, slug, module, action, description, created_at) VALUES (219, 'Schedule Interviews', 'schedule-interviews', 'recruitment', 'create', 'Schedule online/offline interviews', '2025-12-13 04:13:20.877891') ON CONFLICT (id) DO NOTHING;
INSERT INTO public.permissions (id, name, slug, module, action, description, created_at) VALUES (220, 'Update Interview Status', 'update-interview-status', 'recruitment', 'update', 'Update interview status and progress', '2025-12-13 04:13:20.877891') ON CONFLICT (id) DO NOTHING;
INSERT INTO public.permissions (id, name, slug, module, action, description, created_at) VALUES (221, 'Add Interview Feedback', 'add-interview-feedback', 'recruitment', 'create', 'Add interview feedback and notes', '2025-12-13 04:13:20.877891') ON CONFLICT (id) DO NOTHING;
INSERT INTO public.permissions (id, name, slug, module, action, description, created_at) VALUES (222, 'View Interview Feedback', 'view-interview-feedback', 'recruitment', 'read', 'View interview feedback', '2025-12-13 04:13:20.877891') ON CONFLICT (id) DO NOTHING;
INSERT INTO public.permissions (id, name, slug, module, action, description, created_at) VALUES (223, 'Approve Final Hiring', 'approve-final-hiring', 'recruitment', 'approve', 'Approve final candidate hiring', '2025-12-13 04:13:20.877891') ON CONFLICT (id) DO NOTHING;
INSERT INTO public.permissions (id, name, slug, module, action, description, created_at) VALUES (224, 'Approve Salary Offer', 'approve-salary-offer', 'recruitment', 'approve', 'Approve candidate salary offer', '2025-12-13 04:13:20.877891') ON CONFLICT (id) DO NOTHING;
INSERT INTO public.permissions (id, name, slug, module, action, description, created_at) VALUES (225, 'View Recruitment Reports', 'view-recruitment-reports', 'recruitment', 'read', 'View recruitment analytics and reports', '2025-12-13 04:13:20.877891') ON CONFLICT (id) DO NOTHING;
INSERT INTO public.permissions (id, name, slug, module, action, description, created_at) VALUES (226, 'Apply For Jobs', 'apply-for-jobs', 'recruitment', 'create', 'Apply for job openings', '2025-12-13 04:13:20.877891') ON CONFLICT (id) DO NOTHING;
INSERT INTO public.permissions (id, name, slug, module, action, description, created_at) VALUES (227, 'View Own Applications', 'view-own-applications', 'recruitment', 'read', 'View own job applications', '2025-12-13 04:13:20.877891') ON CONFLICT (id) DO NOTHING;
INSERT INTO public.permissions (id, name, slug, module, action, description, created_at) VALUES (228, 'Update Own Applicant Profile', 'update-own-applicant-profile', 'recruitment', 'update', 'Update own candidate profile', '2025-12-13 04:13:20.877891') ON CONFLICT (id) DO NOTHING;
INSERT INTO public.permissions (id, name, slug, module, action, description, created_at) VALUES (229, 'Upload Resume', 'upload-resume', 'recruitment', 'create', 'Upload and update resume', '2025-12-13 04:13:20.877891') ON CONFLICT (id) DO NOTHING;
INSERT INTO public.permissions (id, name, slug, module, action, description, created_at) VALUES (230, 'View Own Interview Status', 'view-own-interview-status', 'recruitment', 'read', 'Track own interview status', '2025-12-13 04:13:20.877891') ON CONFLICT (id) DO NOTHING;
INSERT INTO public.permissions (id, name, slug, module, action, description, created_at) VALUES (231, 'Download Offer Letter', 'download-offer-letter', 'recruitment', 'read', 'Download offer letter if selected', '2025-12-13 04:13:20.877891') ON CONFLICT (id) DO NOTHING;
INSERT INTO public.permissions (id, name, slug, module, action, description, created_at) VALUES (232, 'Receive New Leads', 'receive-new-leads', 'crm', 'read', 'Receive and view new incoming leads', '2025-12-13 04:13:20.877891') ON CONFLICT (id) DO NOTHING;
INSERT INTO public.permissions (id, name, slug, module, action, description, created_at) VALUES (233, 'Set Lead Priority', 'set-lead-priority', 'crm', 'update', 'Set lead priority Hot/Warm/Cold', '2025-12-13 04:13:20.877891') ON CONFLICT (id) DO NOTHING;
INSERT INTO public.permissions (id, name, slug, module, action, description, created_at) VALUES (234, 'Assign Leads To Team', 'assign-leads-to-team', 'crm', 'update', 'Assign leads to sales executives', '2025-12-13 04:13:20.877891') ON CONFLICT (id) DO NOTHING;
INSERT INTO public.permissions (id, name, slug, module, action, description, created_at) VALUES (235, 'Reassign Customers', 'reassign-customers', 'crm', 'update', 'Reassign customers between team members', '2025-12-13 04:13:20.877891') ON CONFLICT (id) DO NOTHING;
INSERT INTO public.permissions (id, name, slug, module, action, description, created_at) VALUES (236, 'View Team Follow-ups', 'view-team-follow-ups', 'crm', 'read', 'View team member follow-up history', '2025-12-13 04:13:20.877891') ON CONFLICT (id) DO NOTHING;
INSERT INTO public.permissions (id, name, slug, module, action, description, created_at) VALUES (237, 'Handle Escalations', 'handle-escalations', 'crm', 'update', 'Handle escalated customer issues', '2025-12-13 04:13:20.877891') ON CONFLICT (id) DO NOTHING;
INSERT INTO public.permissions (id, name, slug, module, action, description, created_at) VALUES (238, 'View Team Performance', 'view-team-performance', 'crm', 'read', 'View team member performance metrics', '2025-12-13 04:13:20.877891') ON CONFLICT (id) DO NOTHING;
INSERT INTO public.permissions (id, name, slug, module, action, description, created_at) VALUES (239, 'View Call Summary', 'view-call-summary', 'crm', 'read', 'Review team call summaries', '2025-12-13 04:13:20.877891') ON CONFLICT (id) DO NOTHING;
INSERT INTO public.permissions (id, name, slug, module, action, description, created_at) VALUES (240, 'Flag Unresponsive Agents', 'flag-unresponsive-agents', 'crm', 'update', 'Flag unresponsive team members', '2025-12-13 04:13:20.877891') ON CONFLICT (id) DO NOTHING;
INSERT INTO public.permissions (id, name, slug, module, action, description, created_at) VALUES (241, 'View Customer Behavior', 'view-customer-behavior', 'crm', 'read', 'View customer behavior analytics', '2025-12-13 04:13:20.877891') ON CONFLICT (id) DO NOTHING;
INSERT INTO public.permissions (id, name, slug, module, action, description, created_at) VALUES (242, 'Tag Upsell Opportunities', 'tag-upsell-opportunities', 'crm', 'update', 'Tag customers for upsell opportunities', '2025-12-13 04:13:20.877891') ON CONFLICT (id) DO NOTHING;
INSERT INTO public.permissions (id, name, slug, module, action, description, created_at) VALUES (243, 'Analyze Lost Deals', 'analyze-lost-deals', 'crm', 'read', 'Analyze lost deal reasons', '2025-12-13 04:13:20.877891') ON CONFLICT (id) DO NOTHING;
INSERT INTO public.permissions (id, name, slug, module, action, description, created_at) VALUES (244, 'View Team Leader Dashboard', 'view-team-leader-dashboard', 'crm', 'read', 'Access team leader dashboard', '2025-12-13 04:13:20.877891') ON CONFLICT (id) DO NOTHING;
INSERT INTO public.permissions (id, name, slug, module, action, description, created_at) VALUES (245, 'Monitor Missed Follow-ups', 'monitor-missed-follow-ups', 'crm', 'read', 'Monitor missed follow-up alerts', '2025-12-13 04:13:20.877891') ON CONFLICT (id) DO NOTHING;
INSERT INTO public.permissions (id, name, slug, module, action, description, created_at) VALUES (260, 'Manage Team Members', 'manage-team-members', 'crm', 'update', 'Manage team member configurations and dashboard settings', '2026-02-08 12:56:54.86293') ON CONFLICT (id) DO NOTHING;
INSERT INTO public.permissions (id, name, slug, module, action, description, created_at) VALUES (408, 'View Telephony', 'view-telephony', 'telephony', 'read', 'View telephony tasks, call logs, and follow-ups', '2026-03-03 01:47:35.003204') ON CONFLICT (id) DO NOTHING;
INSERT INTO public.permissions (id, name, slug, module, action, description, created_at) VALUES (409, 'Manage Telephony', 'manage-telephony', 'telephony', 'update', 'Manage telephony tasks and PBX configuration', '2026-03-03 01:47:35.003204') ON CONFLICT (id) DO NOTHING;
INSERT INTO public.permissions (id, name, slug, module, action, description, created_at) VALUES (457, 'View Printing', 'view-printing', 'sales', 'read', 'View printing page and print invoices/stickers', '2026-03-03 01:55:51.436136') ON CONFLICT (id) DO NOTHING;
INSERT INTO public.permissions (id, name, slug, module, action, description, created_at) VALUES (458, 'Manage Printing', 'manage-printing', 'sales', 'update', 'Mark invoices/stickers as printed, pack orders', '2026-03-03 01:55:51.436136') ON CONFLICT (id) DO NOTHING;
INSERT INTO public.permissions (id, name, slug, module, action, description, created_at) VALUES (459, 'View Late Delivery', 'view-late-delivery', 'sales', 'read', 'View late delivery orders list', '2026-03-03 01:55:51.436136') ON CONFLICT (id) DO NOTHING;
INSERT INTO public.permissions (id, name, slug, module, action, description, created_at) VALUES (460, 'Manage Late Delivery', 'manage-late-delivery', 'sales', 'update', 'Update status of late delivery orders', '2026-03-03 01:55:51.436136') ON CONFLICT (id) DO NOTHING;
INSERT INTO public.permissions (id, name, slug, module, action, description, created_at) VALUES (461, 'View Sent Courier Orders', 'view-sent-courier-orders', 'sales', 'read', 'View sent courier orders list', '2026-03-03 01:55:51.436136') ON CONFLICT (id) DO NOTHING;
INSERT INTO public.permissions (id, name, slug, module, action, description, created_at) VALUES (462, 'Manage Sent Courier Orders', 'manage-sent-courier-orders', 'sales', 'update', 'Update status of sent courier orders', '2026-03-03 01:55:51.436136') ON CONFLICT (id) DO NOTHING;
INSERT INTO public.permissions (id, name, slug, module, action, description, created_at) VALUES (463, 'View Courier Returns', 'view-courier-returns', 'sales', 'read', 'View courier return orders', '2026-03-03 01:55:51.436136') ON CONFLICT (id) DO NOTHING;
INSERT INTO public.permissions (id, name, slug, module, action, description, created_at) VALUES (464, 'Manage Courier Returns', 'manage-courier-returns', 'sales', 'update', 'Mark orders as courier returned', '2026-03-03 01:55:51.436136') ON CONFLICT (id) DO NOTHING;
INSERT INTO public.permissions (id, name, slug, module, action, description, created_at) VALUES (465, 'View Incomplete Orders', 'view-incomplete-orders', 'sales', 'read', 'View incomplete/abandoned orders', '2026-03-03 01:55:51.436136') ON CONFLICT (id) DO NOTHING;
INSERT INTO public.permissions (id, name, slug, module, action, description, created_at) VALUES (643, 'Change Order Status', 'change-order-status', 'sales', 'update', 'Manually change order status from order details modal', '2026-03-09 23:30:37.349852') ON CONFLICT (id) DO NOTHING;
INSERT INTO public.permissions (id, name, slug, module, action, description, created_at) VALUES (257, 'Manage Commission Settings', 'manage-commission-settings', 'commission', 'update', 'Create, update, delete commission settings', '2026-01-24 11:33:26.375246') ON CONFLICT (id) DO NOTHING;
INSERT INTO public.permissions (id, name, slug, module, action, description, created_at) VALUES (258, 'View Commission Reports', 'view-commission-reports', 'commission', 'read', 'View commission reports and agent earnings', '2026-01-24 11:33:26.375246') ON CONFLICT (id) DO NOTHING;
INSERT INTO public.permissions (id, name, slug, module, action, description, created_at) VALUES (259, 'Approve Commissions', 'approve-commissions', 'commission', 'update', 'Approve or reject pending commissions', '2026-01-24 11:33:26.375246') ON CONFLICT (id) DO NOTHING;
INSERT INTO public.permissions (id, name, slug, module, action, description, created_at) VALUES (761, 'View Landing Pages', 'view-landing-pages', 'landing-pages', 'read', 'View landing pages list, details and statistics', '2026-03-25 10:10:52.745733') ON CONFLICT (id) DO NOTHING;
INSERT INTO public.permissions (id, name, slug, module, action, description, created_at) VALUES (762, 'Manage Landing Pages', 'manage-landing-pages', 'landing-pages', 'update', 'Create, edit, duplicate and toggle landing pages', '2026-03-25 10:10:52.745733') ON CONFLICT (id) DO NOTHING;
INSERT INTO public.permissions (id, name, slug, module, action, description, created_at) VALUES (763, 'Delete Landing Pages', 'delete-landing-pages', 'landing-pages', 'delete', 'Delete landing pages', '2026-03-25 10:10:52.745733') ON CONFLICT (id) DO NOTHING;
INSERT INTO public.permissions (id, name, slug, module, action, description, created_at) VALUES (764, 'View Warehouses', 'view-warehouses', 'warehouse', 'read', 'View warehouse list and details', '2026-03-27 15:42:21.495818') ON CONFLICT (id) DO NOTHING;
INSERT INTO public.permissions (id, name, slug, module, action, description, created_at) VALUES (766, 'View Suppliers', 'view-suppliers', 'supplier', 'read', 'View supplier list and details', '2026-03-27 15:42:21.495818') ON CONFLICT (id) DO NOTHING;
INSERT INTO public.permissions (id, name, slug, module, action, description, created_at) VALUES (768, 'View Stock Levels', 'view-stock-levels', 'inventory', 'read', 'View current stock levels', '2026-03-27 15:42:21.495818') ON CONFLICT (id) DO NOTHING;
INSERT INTO public.permissions (id, name, slug, module, action, description, created_at) VALUES (769, 'Manage Stock Levels', 'manage-stock-levels', 'inventory', 'manage', 'Adjust stock levels manually', '2026-03-27 15:42:21.495818') ON CONFLICT (id) DO NOTHING;
INSERT INTO public.permissions (id, name, slug, module, action, description, created_at) VALUES (770, 'View Stock Movements', 'view-stock-movements', 'inventory', 'read', 'View stock movement history', '2026-03-27 15:42:21.495818') ON CONFLICT (id) DO NOTHING;
INSERT INTO public.permissions (id, name, slug, module, action, description, created_at) VALUES (771, 'Manage Stock Movements', 'manage-stock-movements', 'inventory', 'manage', 'Record stock movements', '2026-03-27 15:42:21.495818') ON CONFLICT (id) DO NOTHING;
INSERT INTO public.permissions (id, name, slug, module, action, description, created_at) VALUES (772, 'View Stock Batches', 'view-stock-batches', 'inventory', 'read', 'View batch/lot information', '2026-03-27 15:42:21.495818') ON CONFLICT (id) DO NOTHING;
INSERT INTO public.permissions (id, name, slug, module, action, description, created_at) VALUES (773, 'Manage Stock Batches', 'manage-stock-batches', 'inventory', 'manage', 'Create and update stock batches', '2026-03-27 15:42:21.495818') ON CONFLICT (id) DO NOTHING;
INSERT INTO public.permissions (id, name, slug, module, action, description, created_at) VALUES (774, 'Supplier Self Service', 'supplier-self-service', 'supplier', 'read', 'Access supplier portal for self-service operations', '2026-03-28 15:24:41.434861') ON CONFLICT (id) DO NOTHING;

-- ── 2. ROLES ──────────────────────────────────
INSERT INTO public.roles (id, name, description, permissions, is_system_role, created_at, updated_at, slug, priority, is_active) VALUES (2, 'Supervisor', 'Team Supervisor managing executives', '{}', true, '2025-12-11 11:22:56.205195', '2026-02-24 10:11:19.587629', NULL, 1, true) ON CONFLICT (id) DO NOTHING;
INSERT INTO public.roles (id, name, description, permissions, is_system_role, created_at, updated_at, slug, priority, is_active) VALUES (3, 'Manager', 'Sales Manager', '{}', true, '2025-12-11 11:22:56.205195', '2026-02-24 10:11:19.587629', NULL, 1, true) ON CONFLICT (id) DO NOTHING;
INSERT INTO public.roles (id, name, description, permissions, is_system_role, created_at, updated_at, slug, priority, is_active) VALUES (4, 'Executive', 'Sales Executive', '{}', true, '2025-12-11 11:22:56.205195', '2026-02-24 10:11:19.587629', NULL, 1, true) ON CONFLICT (id) DO NOTHING;
INSERT INTO public.roles (id, name, description, permissions, is_system_role, created_at, updated_at, slug, priority, is_active) VALUES (5, 'Support', 'Customer Support Representative', '{}', true, '2025-12-11 11:22:56.205195', '2026-02-24 10:11:19.587629', NULL, 1, true) ON CONFLICT (id) DO NOTHING;
INSERT INTO public.roles (id, name, description, permissions, is_system_role, created_at, updated_at, slug, priority, is_active) VALUES (6, 'HR_Manager', 'Human Resources Manager', '{}', true, '2025-12-11 11:22:56.205195', '2026-02-24 10:11:19.587629', NULL, 1, true) ON CONFLICT (id) DO NOTHING;
INSERT INTO public.roles (id, name, description, permissions, is_system_role, created_at, updated_at, slug, priority, is_active) VALUES (7, 'Accountant', 'Accounting Department', '{}', true, '2025-12-11 11:22:56.205195', '2026-02-24 10:11:19.587629', NULL, 1, true) ON CONFLICT (id) DO NOTHING;
INSERT INTO public.roles (id, name, description, permissions, is_system_role, created_at, updated_at, slug, priority, is_active) VALUES (8, 'Project_Manager', 'Project Manager', '{}', true, '2025-12-11 11:22:56.205195', '2026-02-24 10:11:19.587629', NULL, 1, true) ON CONFLICT (id) DO NOTHING;
INSERT INTO public.roles (id, name, description, permissions, is_system_role, created_at, updated_at, slug, priority, is_active) VALUES (39, 'Salafi', 'order approve', '{}', false, '2026-02-24 10:11:19.590241', '2026-02-24 10:11:36.168719', 'salafi', 500, true) ON CONFLICT (id) DO NOTHING;
INSERT INTO public.roles (id, name, description, permissions, is_system_role, created_at, updated_at, slug, priority, is_active) VALUES (12, 'Super Admin', 'Full system access. Owner/System Architect with complete control over all modules, settings, and configurations.', '{}', false, '2025-12-13 03:54:11.069745', '2026-03-09 23:30:37.349852', 'super-admin', 1000, true) ON CONFLICT (id) DO NOTHING;
INSERT INTO public.roles (id, name, description, permissions, is_system_role, created_at, updated_at, slug, priority, is_active) VALUES (1, 'Admin', 'Operations admin with full operational control over Sales, CRM, Inventory, Purchase, Accounts. Can manage daily operations and approve most actions.', '{}', true, '2025-12-11 11:22:56.205195', '2026-03-09 23:30:37.349852', 'admin', 900, true) ON CONFLICT (id) DO NOTHING;
INSERT INTO public.roles (id, name, description, permissions, is_system_role, created_at, updated_at, slug, priority, is_active) VALUES (14, 'Sales Executive', 'CRM agent responsible for leads, customer management, sales pipeline, and sales order creation. No approval or pricing authority.', '{}', false, '2025-12-13 03:54:11.069745', '2026-03-09 23:30:37.349852', 'sales-executive', 500, true) ON CONFLICT (id) DO NOTHING;
INSERT INTO public.roles (id, name, description, permissions, is_system_role, created_at, updated_at, slug, priority, is_active) VALUES (15, 'Inventory Manager', 'Store keeper with full warehouse and stock control. Manages GRN, stock transfers, reconciliation, and generates stock reports.', '{}', false, '2025-12-13 03:54:11.069745', '2026-03-09 23:30:37.349852', 'inventory-manager', 600, true) ON CONFLICT (id) DO NOTHING;
INSERT INTO public.roles (id, name, description, permissions, is_system_role, created_at, updated_at, slug, priority, is_active) VALUES (16, 'Purchase Manager', 'Procurement officer managing suppliers, purchase orders, quotations, and cost optimization. Requires approval for POs.', '{}', false, '2025-12-13 03:54:11.069745', '2026-03-09 23:30:37.349852', 'purchase-manager', 600, true) ON CONFLICT (id) DO NOTHING;
INSERT INTO public.roles (id, name, description, permissions, is_system_role, created_at, updated_at, slug, priority, is_active) VALUES (17, 'Accounts', 'Finance user handling invoices, payments, ledgers, bank reconciliation, and financial reports. No access to CRM/inventory editing.', '{}', false, '2025-12-13 03:54:11.069745', '2026-03-09 23:30:37.349852', 'accounts', 700, true) ON CONFLICT (id) DO NOTHING;
INSERT INTO public.roles (id, name, description, permissions, is_system_role, created_at, updated_at, slug, priority, is_active) VALUES (9, 'Viewer', 'Read-only analyst access. Can view reports, dashboards, and summaries but cannot create/edit/delete any data.', '{}', true, '2025-12-11 11:22:56.205195', '2026-03-09 23:30:37.349852', 'viewer', 100, true) ON CONFLICT (id) DO NOTHING;
INSERT INTO public.roles (id, name, description, permissions, is_system_role, created_at, updated_at, slug, priority, is_active) VALUES (19, 'HR Manager', 'Human resources manager for employee profiles, attendance, payroll, leave approval, and performance evaluation.', '{}', false, '2025-12-13 03:54:11.069745', '2026-03-09 23:30:37.349852', 'hr-manager', 650, true) ON CONFLICT (id) DO NOTHING;
INSERT INTO public.roles (id, name, description, permissions, is_system_role, created_at, updated_at, slug, priority, is_active) VALUES (20, 'Delivery Partner', 'Logistics user for delivery management, route tracking, POD updates, and delivery status management. Limited to assigned deliveries only.', '{}', false, '2025-12-13 03:54:11.069745', '2026-03-09 23:30:37.349852', 'delivery-partner', 300, true) ON CONFLICT (id) DO NOTHING;
INSERT INTO public.roles (id, name, description, permissions, is_system_role, created_at, updated_at, slug, priority, is_active) VALUES (21, 'Brand Manager', 'Marketing module manager for campaigns, banners, coupons, ads tracking, and customer segmentation. No finance/inventory access.', '{}', false, '2025-12-13 03:54:11.069745', '2026-03-09 23:30:37.349852', 'brand-manager', 550, true) ON CONFLICT (id) DO NOTHING;
INSERT INTO public.roles (id, name, description, permissions, is_system_role, created_at, updated_at, slug, priority, is_active) VALUES (22, 'Customer Account', 'MLM member account with profile management, wallet/points view, order history, referral system, and support ticket creation.', '{}', false, '2025-12-13 03:54:11.069745', '2026-03-09 23:30:37.349852', 'customer-account', 200, true) ON CONFLICT (id) DO NOTHING;
INSERT INTO public.roles (id, name, description, permissions, is_system_role, created_at, updated_at, slug, priority, is_active) VALUES (23, 'Supplier Account', 'Supplier portal access for profile updates, PO management, invoice uploads, and payment tracking. Limited to supplier-specific data.', '{}', false, '2025-12-13 03:54:11.069745', '2026-03-09 23:30:37.349852', 'supplier-account', 250, true) ON CONFLICT (id) DO NOTHING;
INSERT INTO public.roles (id, name, description, permissions, is_system_role, created_at, updated_at, slug, priority, is_active) VALUES (36, 'Recruiter', 'HR Recruiter for job posting, applicant screening, interview scheduling, and candidate pipeline management. Cannot approve final hiring or salary.', '{}', false, '2025-12-13 04:13:20.877891', '2026-03-09 23:30:37.349852', 'recruiter', 640, true) ON CONFLICT (id) DO NOTHING;
INSERT INTO public.roles (id, name, description, permissions, is_system_role, created_at, updated_at, slug, priority, is_active) VALUES (37, 'Job Applicant', 'Candidate account for job applications, profile management, resume upload, interview tracking, and offer letter download. Limited to own data only.', '{}', false, '2025-12-13 04:13:20.877891', '2026-03-09 23:30:37.349852', 'job-applicant', 150, true) ON CONFLICT (id) DO NOTHING;
INSERT INTO public.roles (id, name, description, permissions, is_system_role, created_at, updated_at, slug, priority, is_active) VALUES (38, 'Sales Team Leader', 'CRM supervisor for lead assignment, team monitoring, escalation handling, and performance tracking. Cannot approve sales orders or edit prices/inventory.', '{}', false, '2025-12-13 04:13:20.877891', '2026-03-09 23:30:37.349852', 'sales-team-leader', 520, true) ON CONFLICT (id) DO NOTHING;

-- ── 3. ROLE ↔ PERMISSION MAPPINGS ─────────────
INSERT INTO public.role_permissions (role_id, permission_id) VALUES (12, 58) ON CONFLICT DO NOTHING;
INSERT INTO public.role_permissions (role_id, permission_id) VALUES (12, 65) ON CONFLICT DO NOTHING;
INSERT INTO public.role_permissions (role_id, permission_id) VALUES (12, 59) ON CONFLICT DO NOTHING;
INSERT INTO public.role_permissions (role_id, permission_id) VALUES (12, 62) ON CONFLICT DO NOTHING;
INSERT INTO public.role_permissions (role_id, permission_id) VALUES (12, 68) ON CONFLICT DO NOTHING;
INSERT INTO public.role_permissions (role_id, permission_id) VALUES (12, 61) ON CONFLICT DO NOTHING;
INSERT INTO public.role_permissions (role_id, permission_id) VALUES (12, 63) ON CONFLICT DO NOTHING;
INSERT INTO public.role_permissions (role_id, permission_id) VALUES (12, 64) ON CONFLICT DO NOTHING;
INSERT INTO public.role_permissions (role_id, permission_id) VALUES (12, 66) ON CONFLICT DO NOTHING;
INSERT INTO public.role_permissions (role_id, permission_id) VALUES (12, 67) ON CONFLICT DO NOTHING;
INSERT INTO public.role_permissions (role_id, permission_id) VALUES (12, 60) ON CONFLICT DO NOTHING;
INSERT INTO public.role_permissions (role_id, permission_id) VALUES (12, 258) ON CONFLICT DO NOTHING;
INSERT INTO public.role_permissions (role_id, permission_id) VALUES (12, 257) ON CONFLICT DO NOTHING;
INSERT INTO public.role_permissions (role_id, permission_id) VALUES (12, 259) ON CONFLICT DO NOTHING;
INSERT INTO public.role_permissions (role_id, permission_id) VALUES (12, 51) ON CONFLICT DO NOTHING;
INSERT INTO public.role_permissions (role_id, permission_id) VALUES (12, 47) ON CONFLICT DO NOTHING;
INSERT INTO public.role_permissions (role_id, permission_id) VALUES (12, 54) ON CONFLICT DO NOTHING;
INSERT INTO public.role_permissions (role_id, permission_id) VALUES (12, 50) ON CONFLICT DO NOTHING;
INSERT INTO public.role_permissions (role_id, permission_id) VALUES (12, 52) ON CONFLICT DO NOTHING;
INSERT INTO public.role_permissions (role_id, permission_id) VALUES (12, 245) ON CONFLICT DO NOTHING;
INSERT INTO public.role_permissions (role_id, permission_id) VALUES (12, 244) ON CONFLICT DO NOTHING;
INSERT INTO public.role_permissions (role_id, permission_id) VALUES (12, 243) ON CONFLICT DO NOTHING;
INSERT INTO public.role_permissions (role_id, permission_id) VALUES (12, 241) ON CONFLICT DO NOTHING;
INSERT INTO public.role_permissions (role_id, permission_id) VALUES (12, 239) ON CONFLICT DO NOTHING;
INSERT INTO public.role_permissions (role_id, permission_id) VALUES (12, 238) ON CONFLICT DO NOTHING;
INSERT INTO public.role_permissions (role_id, permission_id) VALUES (12, 236) ON CONFLICT DO NOTHING;
INSERT INTO public.role_permissions (role_id, permission_id) VALUES (12, 232) ON CONFLICT DO NOTHING;
INSERT INTO public.role_permissions (role_id, permission_id) VALUES (12, 57) ON CONFLICT DO NOTHING;
INSERT INTO public.role_permissions (role_id, permission_id) VALUES (12, 48) ON CONFLICT DO NOTHING;
INSERT INTO public.role_permissions (role_id, permission_id) VALUES (12, 53) ON CONFLICT DO NOTHING;
INSERT INTO public.role_permissions (role_id, permission_id) VALUES (12, 233) ON CONFLICT DO NOTHING;
INSERT INTO public.role_permissions (role_id, permission_id) VALUES (12, 234) ON CONFLICT DO NOTHING;
INSERT INTO public.role_permissions (role_id, permission_id) VALUES (12, 235) ON CONFLICT DO NOTHING;
INSERT INTO public.role_permissions (role_id, permission_id) VALUES (12, 237) ON CONFLICT DO NOTHING;
INSERT INTO public.role_permissions (role_id, permission_id) VALUES (12, 240) ON CONFLICT DO NOTHING;
INSERT INTO public.role_permissions (role_id, permission_id) VALUES (12, 56) ON CONFLICT DO NOTHING;
INSERT INTO public.role_permissions (role_id, permission_id) VALUES (12, 55) ON CONFLICT DO NOTHING;
INSERT INTO public.role_permissions (role_id, permission_id) VALUES (12, 242) ON CONFLICT DO NOTHING;
INSERT INTO public.role_permissions (role_id, permission_id) VALUES (12, 260) ON CONFLICT DO NOTHING;
INSERT INTO public.role_permissions (role_id, permission_id) VALUES (12, 49) ON CONFLICT DO NOTHING;
INSERT INTO public.role_permissions (role_id, permission_id) VALUES (12, 106) ON CONFLICT DO NOTHING;
INSERT INTO public.role_permissions (role_id, permission_id) VALUES (12, 109) ON CONFLICT DO NOTHING;
INSERT INTO public.role_permissions (role_id, permission_id) VALUES (12, 108) ON CONFLICT DO NOTHING;
INSERT INTO public.role_permissions (role_id, permission_id) VALUES (12, 107) ON CONFLICT DO NOTHING;
INSERT INTO public.role_permissions (role_id, permission_id) VALUES (12, 82) ON CONFLICT DO NOTHING;
INSERT INTO public.role_permissions (role_id, permission_id) VALUES (12, 79) ON CONFLICT DO NOTHING;
INSERT INTO public.role_permissions (role_id, permission_id) VALUES (12, 80) ON CONFLICT DO NOTHING;
INSERT INTO public.role_permissions (role_id, permission_id) VALUES (12, 81) ON CONFLICT DO NOTHING;
INSERT INTO public.role_permissions (role_id, permission_id) VALUES (12, 74) ON CONFLICT DO NOTHING;
INSERT INTO public.role_permissions (role_id, permission_id) VALUES (12, 69) ON CONFLICT DO NOTHING;
INSERT INTO public.role_permissions (role_id, permission_id) VALUES (12, 76) ON CONFLICT DO NOTHING;
INSERT INTO public.role_permissions (role_id, permission_id) VALUES (12, 72) ON CONFLICT DO NOTHING;
INSERT INTO public.role_permissions (role_id, permission_id) VALUES (12, 77) ON CONFLICT DO NOTHING;
INSERT INTO public.role_permissions (role_id, permission_id) VALUES (12, 70) ON CONFLICT DO NOTHING;
INSERT INTO public.role_permissions (role_id, permission_id) VALUES (12, 73) ON CONFLICT DO NOTHING;
INSERT INTO public.role_permissions (role_id, permission_id) VALUES (12, 71) ON CONFLICT DO NOTHING;
INSERT INTO public.role_permissions (role_id, permission_id) VALUES (12, 75) ON CONFLICT DO NOTHING;
INSERT INTO public.role_permissions (role_id, permission_id) VALUES (12, 78) ON CONFLICT DO NOTHING;
INSERT INTO public.role_permissions (role_id, permission_id) VALUES (12, 26) ON CONFLICT DO NOTHING;
INSERT INTO public.role_permissions (role_id, permission_id) VALUES (12, 23) ON CONFLICT DO NOTHING;
INSERT INTO public.role_permissions (role_id, permission_id) VALUES (12, 773) ON CONFLICT DO NOTHING;
INSERT INTO public.role_permissions (role_id, permission_id) VALUES (12, 769) ON CONFLICT DO NOTHING;
INSERT INTO public.role_permissions (role_id, permission_id) VALUES (12, 771) ON CONFLICT DO NOTHING;
INSERT INTO public.role_permissions (role_id, permission_id) VALUES (12, 772) ON CONFLICT DO NOTHING;
INSERT INTO public.role_permissions (role_id, permission_id) VALUES (12, 768) ON CONFLICT DO NOTHING;
INSERT INTO public.role_permissions (role_id, permission_id) VALUES (12, 770) ON CONFLICT DO NOTHING;
INSERT INTO public.role_permissions (role_id, permission_id) VALUES (12, 28) ON CONFLICT DO NOTHING;
INSERT INTO public.role_permissions (role_id, permission_id) VALUES (12, 29) ON CONFLICT DO NOTHING;
INSERT INTO public.role_permissions (role_id, permission_id) VALUES (12, 21) ON CONFLICT DO NOTHING;
INSERT INTO public.role_permissions (role_id, permission_id) VALUES (12, 25) ON CONFLICT DO NOTHING;
INSERT INTO public.role_permissions (role_id, permission_id) VALUES (12, 24) ON CONFLICT DO NOTHING;
INSERT INTO public.role_permissions (role_id, permission_id) VALUES (12, 27) ON CONFLICT DO NOTHING;
INSERT INTO public.role_permissions (role_id, permission_id) VALUES (12, 22) ON CONFLICT DO NOTHING;
INSERT INTO public.role_permissions (role_id, permission_id) VALUES (12, 763) ON CONFLICT DO NOTHING;
INSERT INTO public.role_permissions (role_id, permission_id) VALUES (12, 761) ON CONFLICT DO NOTHING;
INSERT INTO public.role_permissions (role_id, permission_id) VALUES (12, 762) ON CONFLICT DO NOTHING;
INSERT INTO public.role_permissions (role_id, permission_id) VALUES (12, 83) ON CONFLICT DO NOTHING;
INSERT INTO public.role_permissions (role_id, permission_id) VALUES (12, 88) ON CONFLICT DO NOTHING;
INSERT INTO public.role_permissions (role_id, permission_id) VALUES (12, 91) ON CONFLICT DO NOTHING;
INSERT INTO public.role_permissions (role_id, permission_id) VALUES (12, 86) ON CONFLICT DO NOTHING;
INSERT INTO public.role_permissions (role_id, permission_id) VALUES (12, 84) ON CONFLICT DO NOTHING;
INSERT INTO public.role_permissions (role_id, permission_id) VALUES (12, 89) ON CONFLICT DO NOTHING;
INSERT INTO public.role_permissions (role_id, permission_id) VALUES (12, 90) ON CONFLICT DO NOTHING;
INSERT INTO public.role_permissions (role_id, permission_id) VALUES (12, 87) ON CONFLICT DO NOTHING;
INSERT INTO public.role_permissions (role_id, permission_id) VALUES (12, 85) ON CONFLICT DO NOTHING;
INSERT INTO public.role_permissions (role_id, permission_id) VALUES (12, 95) ON CONFLICT DO NOTHING;
INSERT INTO public.role_permissions (role_id, permission_id) VALUES (12, 97) ON CONFLICT DO NOTHING;
INSERT INTO public.role_permissions (role_id, permission_id) VALUES (12, 92) ON CONFLICT DO NOTHING;
INSERT INTO public.role_permissions (role_id, permission_id) VALUES (12, 93) ON CONFLICT DO NOTHING;
INSERT INTO public.role_permissions (role_id, permission_id) VALUES (12, 94) ON CONFLICT DO NOTHING;
INSERT INTO public.role_permissions (role_id, permission_id) VALUES (12, 96) ON CONFLICT DO NOTHING;
INSERT INTO public.role_permissions (role_id, permission_id) VALUES (12, 98) ON CONFLICT DO NOTHING;
INSERT INTO public.role_permissions (role_id, permission_id) VALUES (12, 18) ON CONFLICT DO NOTHING;
INSERT INTO public.role_permissions (role_id, permission_id) VALUES (12, 13) ON CONFLICT DO NOTHING;
INSERT INTO public.role_permissions (role_id, permission_id) VALUES (12, 16) ON CONFLICT DO NOTHING;
INSERT INTO public.role_permissions (role_id, permission_id) VALUES (12, 20) ON CONFLICT DO NOTHING;
INSERT INTO public.role_permissions (role_id, permission_id) VALUES (12, 14) ON CONFLICT DO NOTHING;
INSERT INTO public.role_permissions (role_id, permission_id) VALUES (12, 15) ON CONFLICT DO NOTHING;
INSERT INTO public.role_permissions (role_id, permission_id) VALUES (12, 17) ON CONFLICT DO NOTHING;
INSERT INTO public.role_permissions (role_id, permission_id) VALUES (12, 19) ON CONFLICT DO NOTHING;
INSERT INTO public.role_permissions (role_id, permission_id) VALUES (12, 42) ON CONFLICT DO NOTHING;
INSERT INTO public.role_permissions (role_id, permission_id) VALUES (12, 38) ON CONFLICT DO NOTHING;
INSERT INTO public.role_permissions (role_id, permission_id) VALUES (12, 41) ON CONFLICT DO NOTHING;
INSERT INTO public.role_permissions (role_id, permission_id) VALUES (12, 46) ON CONFLICT DO NOTHING;
INSERT INTO public.role_permissions (role_id, permission_id) VALUES (12, 39) ON CONFLICT DO NOTHING;
INSERT INTO public.role_permissions (role_id, permission_id) VALUES (12, 44) ON CONFLICT DO NOTHING;
INSERT INTO public.role_permissions (role_id, permission_id) VALUES (12, 43) ON CONFLICT DO NOTHING;
INSERT INTO public.role_permissions (role_id, permission_id) VALUES (12, 40) ON CONFLICT DO NOTHING;
INSERT INTO public.role_permissions (role_id, permission_id) VALUES (12, 45) ON CONFLICT DO NOTHING;
INSERT INTO public.role_permissions (role_id, permission_id) VALUES (12, 223) ON CONFLICT DO NOTHING;
INSERT INTO public.role_permissions (role_id, permission_id) VALUES (12, 224) ON CONFLICT DO NOTHING;
INSERT INTO public.role_permissions (role_id, permission_id) VALUES (12, 208) ON CONFLICT DO NOTHING;
INSERT INTO public.role_permissions (role_id, permission_id) VALUES (12, 219) ON CONFLICT DO NOTHING;
INSERT INTO public.role_permissions (role_id, permission_id) VALUES (12, 221) ON CONFLICT DO NOTHING;
INSERT INTO public.role_permissions (role_id, permission_id) VALUES (12, 229) ON CONFLICT DO NOTHING;
INSERT INTO public.role_permissions (role_id, permission_id) VALUES (38, 257) ON CONFLICT DO NOTHING;
INSERT INTO public.role_permissions (role_id, permission_id) VALUES (38, 258) ON CONFLICT DO NOTHING;
INSERT INTO public.role_permissions (role_id, permission_id) VALUES (38, 260) ON CONFLICT DO NOTHING;
INSERT INTO public.role_permissions (role_id, permission_id) VALUES (38, 408) ON CONFLICT DO NOTHING;
INSERT INTO public.role_permissions (role_id, permission_id) VALUES (12, 226) ON CONFLICT DO NOTHING;
INSERT INTO public.role_permissions (role_id, permission_id) VALUES (12, 231) ON CONFLICT DO NOTHING;
INSERT INTO public.role_permissions (role_id, permission_id) VALUES (12, 222) ON CONFLICT DO NOTHING;
INSERT INTO public.role_permissions (role_id, permission_id) VALUES (12, 230) ON CONFLICT DO NOTHING;
INSERT INTO public.role_permissions (role_id, permission_id) VALUES (12, 213) ON CONFLICT DO NOTHING;
INSERT INTO public.role_permissions (role_id, permission_id) VALUES (12, 227) ON CONFLICT DO NOTHING;
INSERT INTO public.role_permissions (role_id, permission_id) VALUES (12, 209) ON CONFLICT DO NOTHING;
INSERT INTO public.role_permissions (role_id, permission_id) VALUES (12, 225) ON CONFLICT DO NOTHING;
INSERT INTO public.role_permissions (role_id, permission_id) VALUES (12, 214) ON CONFLICT DO NOTHING;
INSERT INTO public.role_permissions (role_id, permission_id) VALUES (12, 212) ON CONFLICT DO NOTHING;
INSERT INTO public.role_permissions (role_id, permission_id) VALUES (12, 217) ON CONFLICT DO NOTHING;
INSERT INTO public.role_permissions (role_id, permission_id) VALUES (12, 218) ON CONFLICT DO NOTHING;
INSERT INTO public.role_permissions (role_id, permission_id) VALUES (12, 210) ON CONFLICT DO NOTHING;
INSERT INTO public.role_permissions (role_id, permission_id) VALUES (12, 211) ON CONFLICT DO NOTHING;
INSERT INTO public.role_permissions (role_id, permission_id) VALUES (12, 216) ON CONFLICT DO NOTHING;
INSERT INTO public.role_permissions (role_id, permission_id) VALUES (12, 220) ON CONFLICT DO NOTHING;
INSERT INTO public.role_permissions (role_id, permission_id) VALUES (12, 215) ON CONFLICT DO NOTHING;
INSERT INTO public.role_permissions (role_id, permission_id) VALUES (12, 228) ON CONFLICT DO NOTHING;
INSERT INTO public.role_permissions (role_id, permission_id) VALUES (12, 34) ON CONFLICT DO NOTHING;
INSERT INTO public.role_permissions (role_id, permission_id) VALUES (12, 30) ON CONFLICT DO NOTHING;
INSERT INTO public.role_permissions (role_id, permission_id) VALUES (12, 33) ON CONFLICT DO NOTHING;
INSERT INTO public.role_permissions (role_id, permission_id) VALUES (12, 463) ON CONFLICT DO NOTHING;
INSERT INTO public.role_permissions (role_id, permission_id) VALUES (12, 465) ON CONFLICT DO NOTHING;
INSERT INTO public.role_permissions (role_id, permission_id) VALUES (12, 35) ON CONFLICT DO NOTHING;
INSERT INTO public.role_permissions (role_id, permission_id) VALUES (12, 457) ON CONFLICT DO NOTHING;
INSERT INTO public.role_permissions (role_id, permission_id) VALUES (12, 459) ON CONFLICT DO NOTHING;
INSERT INTO public.role_permissions (role_id, permission_id) VALUES (12, 461) ON CONFLICT DO NOTHING;
INSERT INTO public.role_permissions (role_id, permission_id) VALUES (12, 31) ON CONFLICT DO NOTHING;
INSERT INTO public.role_permissions (role_id, permission_id) VALUES (12, 462) ON CONFLICT DO NOTHING;
INSERT INTO public.role_permissions (role_id, permission_id) VALUES (12, 464) ON CONFLICT DO NOTHING;
INSERT INTO public.role_permissions (role_id, permission_id) VALUES (12, 460) ON CONFLICT DO NOTHING;
INSERT INTO public.role_permissions (role_id, permission_id) VALUES (12, 458) ON CONFLICT DO NOTHING;
INSERT INTO public.role_permissions (role_id, permission_id) VALUES (12, 32) ON CONFLICT DO NOTHING;
INSERT INTO public.role_permissions (role_id, permission_id) VALUES (12, 36) ON CONFLICT DO NOTHING;
INSERT INTO public.role_permissions (role_id, permission_id) VALUES (12, 37) ON CONFLICT DO NOTHING;
INSERT INTO public.role_permissions (role_id, permission_id) VALUES (12, 643) ON CONFLICT DO NOTHING;
INSERT INTO public.role_permissions (role_id, permission_id) VALUES (12, 105) ON CONFLICT DO NOTHING;
INSERT INTO public.role_permissions (role_id, permission_id) VALUES (12, 103) ON CONFLICT DO NOTHING;
INSERT INTO public.role_permissions (role_id, permission_id) VALUES (12, 99) ON CONFLICT DO NOTHING;
INSERT INTO public.role_permissions (role_id, permission_id) VALUES (12, 104) ON CONFLICT DO NOTHING;
INSERT INTO public.role_permissions (role_id, permission_id) VALUES (12, 101) ON CONFLICT DO NOTHING;
INSERT INTO public.role_permissions (role_id, permission_id) VALUES (12, 100) ON CONFLICT DO NOTHING;
INSERT INTO public.role_permissions (role_id, permission_id) VALUES (12, 102) ON CONFLICT DO NOTHING;
INSERT INTO public.role_permissions (role_id, permission_id) VALUES (12, 4) ON CONFLICT DO NOTHING;
INSERT INTO public.role_permissions (role_id, permission_id) VALUES (12, 1) ON CONFLICT DO NOTHING;
INSERT INTO public.role_permissions (role_id, permission_id) VALUES (12, 5) ON CONFLICT DO NOTHING;
INSERT INTO public.role_permissions (role_id, permission_id) VALUES (12, 2) ON CONFLICT DO NOTHING;
INSERT INTO public.role_permissions (role_id, permission_id) VALUES (12, 3) ON CONFLICT DO NOTHING;
INSERT INTO public.role_permissions (role_id, permission_id) VALUES (12, 408) ON CONFLICT DO NOTHING;
INSERT INTO public.role_permissions (role_id, permission_id) VALUES (12, 409) ON CONFLICT DO NOTHING;
INSERT INTO public.role_permissions (role_id, permission_id) VALUES (12, 6) ON CONFLICT DO NOTHING;
INSERT INTO public.role_permissions (role_id, permission_id) VALUES (12, 9) ON CONFLICT DO NOTHING;
INSERT INTO public.role_permissions (role_id, permission_id) VALUES (12, 11) ON CONFLICT DO NOTHING;
INSERT INTO public.role_permissions (role_id, permission_id) VALUES (12, 7) ON CONFLICT DO NOTHING;
INSERT INTO public.role_permissions (role_id, permission_id) VALUES (12, 12) ON CONFLICT DO NOTHING;
INSERT INTO public.role_permissions (role_id, permission_id) VALUES (12, 8) ON CONFLICT DO NOTHING;
INSERT INTO public.role_permissions (role_id, permission_id) VALUES (12, 10) ON CONFLICT DO NOTHING;
INSERT INTO public.role_permissions (role_id, permission_id) VALUES (12, 766) ON CONFLICT DO NOTHING;
INSERT INTO public.role_permissions (role_id, permission_id) VALUES (12, 764) ON CONFLICT DO NOTHING;
INSERT INTO public.role_permissions (role_id, permission_id) VALUES (1, 58) ON CONFLICT DO NOTHING;
INSERT INTO public.role_permissions (role_id, permission_id) VALUES (1, 68) ON CONFLICT DO NOTHING;
INSERT INTO public.role_permissions (role_id, permission_id) VALUES (1, 65) ON CONFLICT DO NOTHING;
INSERT INTO public.role_permissions (role_id, permission_id) VALUES (1, 62) ON CONFLICT DO NOTHING;
INSERT INTO public.role_permissions (role_id, permission_id) VALUES (1, 59) ON CONFLICT DO NOTHING;
INSERT INTO public.role_permissions (role_id, permission_id) VALUES (1, 67) ON CONFLICT DO NOTHING;
INSERT INTO public.role_permissions (role_id, permission_id) VALUES (1, 60) ON CONFLICT DO NOTHING;
INSERT INTO public.role_permissions (role_id, permission_id) VALUES (1, 61) ON CONFLICT DO NOTHING;
INSERT INTO public.role_permissions (role_id, permission_id) VALUES (1, 63) ON CONFLICT DO NOTHING;
INSERT INTO public.role_permissions (role_id, permission_id) VALUES (1, 64) ON CONFLICT DO NOTHING;
INSERT INTO public.role_permissions (role_id, permission_id) VALUES (1, 66) ON CONFLICT DO NOTHING;
INSERT INTO public.role_permissions (role_id, permission_id) VALUES (1, 258) ON CONFLICT DO NOTHING;
INSERT INTO public.role_permissions (role_id, permission_id) VALUES (1, 257) ON CONFLICT DO NOTHING;
INSERT INTO public.role_permissions (role_id, permission_id) VALUES (1, 259) ON CONFLICT DO NOTHING;
INSERT INTO public.role_permissions (role_id, permission_id) VALUES (1, 47) ON CONFLICT DO NOTHING;
INSERT INTO public.role_permissions (role_id, permission_id) VALUES (1, 51) ON CONFLICT DO NOTHING;
INSERT INTO public.role_permissions (role_id, permission_id) VALUES (1, 50) ON CONFLICT DO NOTHING;
INSERT INTO public.role_permissions (role_id, permission_id) VALUES (1, 54) ON CONFLICT DO NOTHING;
INSERT INTO public.role_permissions (role_id, permission_id) VALUES (1, 48) ON CONFLICT DO NOTHING;
INSERT INTO public.role_permissions (role_id, permission_id) VALUES (1, 245) ON CONFLICT DO NOTHING;
INSERT INTO public.role_permissions (role_id, permission_id) VALUES (1, 52) ON CONFLICT DO NOTHING;
INSERT INTO public.role_permissions (role_id, permission_id) VALUES (1, 57) ON CONFLICT DO NOTHING;
INSERT INTO public.role_permissions (role_id, permission_id) VALUES (1, 243) ON CONFLICT DO NOTHING;
INSERT INTO public.role_permissions (role_id, permission_id) VALUES (1, 239) ON CONFLICT DO NOTHING;
INSERT INTO public.role_permissions (role_id, permission_id) VALUES (1, 244) ON CONFLICT DO NOTHING;
INSERT INTO public.role_permissions (role_id, permission_id) VALUES (1, 238) ON CONFLICT DO NOTHING;
INSERT INTO public.role_permissions (role_id, permission_id) VALUES (1, 241) ON CONFLICT DO NOTHING;
INSERT INTO public.role_permissions (role_id, permission_id) VALUES (1, 232) ON CONFLICT DO NOTHING;
INSERT INTO public.role_permissions (role_id, permission_id) VALUES (1, 236) ON CONFLICT DO NOTHING;
INSERT INTO public.role_permissions (role_id, permission_id) VALUES (1, 235) ON CONFLICT DO NOTHING;
INSERT INTO public.role_permissions (role_id, permission_id) VALUES (1, 237) ON CONFLICT DO NOTHING;
INSERT INTO public.role_permissions (role_id, permission_id) VALUES (1, 240) ON CONFLICT DO NOTHING;
INSERT INTO public.role_permissions (role_id, permission_id) VALUES (1, 242) ON CONFLICT DO NOTHING;
INSERT INTO public.role_permissions (role_id, permission_id) VALUES (1, 234) ON CONFLICT DO NOTHING;
INSERT INTO public.role_permissions (role_id, permission_id) VALUES (1, 233) ON CONFLICT DO NOTHING;
INSERT INTO public.role_permissions (role_id, permission_id) VALUES (1, 260) ON CONFLICT DO NOTHING;
INSERT INTO public.role_permissions (role_id, permission_id) VALUES (1, 56) ON CONFLICT DO NOTHING;
INSERT INTO public.role_permissions (role_id, permission_id) VALUES (1, 55) ON CONFLICT DO NOTHING;
INSERT INTO public.role_permissions (role_id, permission_id) VALUES (1, 53) ON CONFLICT DO NOTHING;
INSERT INTO public.role_permissions (role_id, permission_id) VALUES (1, 49) ON CONFLICT DO NOTHING;
INSERT INTO public.role_permissions (role_id, permission_id) VALUES (1, 106) ON CONFLICT DO NOTHING;
INSERT INTO public.role_permissions (role_id, permission_id) VALUES (1, 109) ON CONFLICT DO NOTHING;
INSERT INTO public.role_permissions (role_id, permission_id) VALUES (1, 107) ON CONFLICT DO NOTHING;
INSERT INTO public.role_permissions (role_id, permission_id) VALUES (1, 108) ON CONFLICT DO NOTHING;
INSERT INTO public.role_permissions (role_id, permission_id) VALUES (1, 79) ON CONFLICT DO NOTHING;
INSERT INTO public.role_permissions (role_id, permission_id) VALUES (14, 47) ON CONFLICT DO NOTHING;
INSERT INTO public.role_permissions (role_id, permission_id) VALUES (14, 51) ON CONFLICT DO NOTHING;
INSERT INTO public.role_permissions (role_id, permission_id) VALUES (14, 57) ON CONFLICT DO NOTHING;
INSERT INTO public.role_permissions (role_id, permission_id) VALUES (14, 52) ON CONFLICT DO NOTHING;
INSERT INTO public.role_permissions (role_id, permission_id) VALUES (14, 48) ON CONFLICT DO NOTHING;
INSERT INTO public.role_permissions (role_id, permission_id) VALUES (14, 55) ON CONFLICT DO NOTHING;
INSERT INTO public.role_permissions (role_id, permission_id) VALUES (14, 49) ON CONFLICT DO NOTHING;
INSERT INTO public.role_permissions (role_id, permission_id) VALUES (14, 53) ON CONFLICT DO NOTHING;
INSERT INTO public.role_permissions (role_id, permission_id) VALUES (14, 56) ON CONFLICT DO NOTHING;
INSERT INTO public.role_permissions (role_id, permission_id) VALUES (14, 106) ON CONFLICT DO NOTHING;
INSERT INTO public.role_permissions (role_id, permission_id) VALUES (14, 97) ON CONFLICT DO NOTHING;
INSERT INTO public.role_permissions (role_id, permission_id) VALUES (14, 14) ON CONFLICT DO NOTHING;
INSERT INTO public.role_permissions (role_id, permission_id) VALUES (14, 30) ON CONFLICT DO NOTHING;
INSERT INTO public.role_permissions (role_id, permission_id) VALUES (14, 465) ON CONFLICT DO NOTHING;
INSERT INTO public.role_permissions (role_id, permission_id) VALUES (14, 31) ON CONFLICT DO NOTHING;
INSERT INTO public.role_permissions (role_id, permission_id) VALUES (14, 35) ON CONFLICT DO NOTHING;
INSERT INTO public.role_permissions (role_id, permission_id) VALUES (14, 459) ON CONFLICT DO NOTHING;
INSERT INTO public.role_permissions (role_id, permission_id) VALUES (14, 461) ON CONFLICT DO NOTHING;
INSERT INTO public.role_permissions (role_id, permission_id) VALUES (14, 463) ON CONFLICT DO NOTHING;
INSERT INTO public.role_permissions (role_id, permission_id) VALUES (14, 457) ON CONFLICT DO NOTHING;
INSERT INTO public.role_permissions (role_id, permission_id) VALUES (14, 460) ON CONFLICT DO NOTHING;
INSERT INTO public.role_permissions (role_id, permission_id) VALUES (14, 11) ON CONFLICT DO NOTHING;
INSERT INTO public.role_permissions (role_id, permission_id) VALUES (14, 12) ON CONFLICT DO NOTHING;
INSERT INTO public.role_permissions (role_id, permission_id) VALUES (14, 32) ON CONFLICT DO NOTHING;
INSERT INTO public.role_permissions (role_id, permission_id) VALUES (1, 82) ON CONFLICT DO NOTHING;
INSERT INTO public.role_permissions (role_id, permission_id) VALUES (1, 81) ON CONFLICT DO NOTHING;
INSERT INTO public.role_permissions (role_id, permission_id) VALUES (1, 80) ON CONFLICT DO NOTHING;
INSERT INTO public.role_permissions (role_id, permission_id) VALUES (1, 74) ON CONFLICT DO NOTHING;
INSERT INTO public.role_permissions (role_id, permission_id) VALUES (1, 69) ON CONFLICT DO NOTHING;
INSERT INTO public.role_permissions (role_id, permission_id) VALUES (1, 76) ON CONFLICT DO NOTHING;
INSERT INTO public.role_permissions (role_id, permission_id) VALUES (1, 72) ON CONFLICT DO NOTHING;
INSERT INTO public.role_permissions (role_id, permission_id) VALUES (1, 70) ON CONFLICT DO NOTHING;
INSERT INTO public.role_permissions (role_id, permission_id) VALUES (1, 77) ON CONFLICT DO NOTHING;
INSERT INTO public.role_permissions (role_id, permission_id) VALUES (1, 73) ON CONFLICT DO NOTHING;
INSERT INTO public.role_permissions (role_id, permission_id) VALUES (1, 75) ON CONFLICT DO NOTHING;
INSERT INTO public.role_permissions (role_id, permission_id) VALUES (1, 78) ON CONFLICT DO NOTHING;
INSERT INTO public.role_permissions (role_id, permission_id) VALUES (1, 71) ON CONFLICT DO NOTHING;
INSERT INTO public.role_permissions (role_id, permission_id) VALUES (1, 26) ON CONFLICT DO NOTHING;
INSERT INTO public.role_permissions (role_id, permission_id) VALUES (1, 23) ON CONFLICT DO NOTHING;
INSERT INTO public.role_permissions (role_id, permission_id) VALUES (1, 21) ON CONFLICT DO NOTHING;
INSERT INTO public.role_permissions (role_id, permission_id) VALUES (1, 28) ON CONFLICT DO NOTHING;
INSERT INTO public.role_permissions (role_id, permission_id) VALUES (1, 29) ON CONFLICT DO NOTHING;
INSERT INTO public.role_permissions (role_id, permission_id) VALUES (1, 27) ON CONFLICT DO NOTHING;
INSERT INTO public.role_permissions (role_id, permission_id) VALUES (1, 25) ON CONFLICT DO NOTHING;
INSERT INTO public.role_permissions (role_id, permission_id) VALUES (1, 24) ON CONFLICT DO NOTHING;
INSERT INTO public.role_permissions (role_id, permission_id) VALUES (1, 22) ON CONFLICT DO NOTHING;
INSERT INTO public.role_permissions (role_id, permission_id) VALUES (1, 763) ON CONFLICT DO NOTHING;
INSERT INTO public.role_permissions (role_id, permission_id) VALUES (1, 761) ON CONFLICT DO NOTHING;
INSERT INTO public.role_permissions (role_id, permission_id) VALUES (1, 762) ON CONFLICT DO NOTHING;
INSERT INTO public.role_permissions (role_id, permission_id) VALUES (1, 91) ON CONFLICT DO NOTHING;
INSERT INTO public.role_permissions (role_id, permission_id) VALUES (1, 88) ON CONFLICT DO NOTHING;
INSERT INTO public.role_permissions (role_id, permission_id) VALUES (1, 83) ON CONFLICT DO NOTHING;
INSERT INTO public.role_permissions (role_id, permission_id) VALUES (1, 86) ON CONFLICT DO NOTHING;
INSERT INTO public.role_permissions (role_id, permission_id) VALUES (1, 89) ON CONFLICT DO NOTHING;
INSERT INTO public.role_permissions (role_id, permission_id) VALUES (1, 84) ON CONFLICT DO NOTHING;
INSERT INTO public.role_permissions (role_id, permission_id) VALUES (1, 90) ON CONFLICT DO NOTHING;
INSERT INTO public.role_permissions (role_id, permission_id) VALUES (1, 87) ON CONFLICT DO NOTHING;
INSERT INTO public.role_permissions (role_id, permission_id) VALUES (1, 85) ON CONFLICT DO NOTHING;
INSERT INTO public.role_permissions (role_id, permission_id) VALUES (1, 95) ON CONFLICT DO NOTHING;
INSERT INTO public.role_permissions (role_id, permission_id) VALUES (1, 93) ON CONFLICT DO NOTHING;
INSERT INTO public.role_permissions (role_id, permission_id) VALUES (1, 97) ON CONFLICT DO NOTHING;
INSERT INTO public.role_permissions (role_id, permission_id) VALUES (1, 96) ON CONFLICT DO NOTHING;
INSERT INTO public.role_permissions (role_id, permission_id) VALUES (1, 94) ON CONFLICT DO NOTHING;
INSERT INTO public.role_permissions (role_id, permission_id) VALUES (1, 92) ON CONFLICT DO NOTHING;
INSERT INTO public.role_permissions (role_id, permission_id) VALUES (1, 98) ON CONFLICT DO NOTHING;
INSERT INTO public.role_permissions (role_id, permission_id) VALUES (1, 18) ON CONFLICT DO NOTHING;
INSERT INTO public.role_permissions (role_id, permission_id) VALUES (1, 13) ON CONFLICT DO NOTHING;
INSERT INTO public.role_permissions (role_id, permission_id) VALUES (1, 16) ON CONFLICT DO NOTHING;
INSERT INTO public.role_permissions (role_id, permission_id) VALUES (1, 20) ON CONFLICT DO NOTHING;
INSERT INTO public.role_permissions (role_id, permission_id) VALUES (1, 14) ON CONFLICT DO NOTHING;
INSERT INTO public.role_permissions (role_id, permission_id) VALUES (1, 19) ON CONFLICT DO NOTHING;
INSERT INTO public.role_permissions (role_id, permission_id) VALUES (1, 15) ON CONFLICT DO NOTHING;
INSERT INTO public.role_permissions (role_id, permission_id) VALUES (1, 17) ON CONFLICT DO NOTHING;
INSERT INTO public.role_permissions (role_id, permission_id) VALUES (1, 42) ON CONFLICT DO NOTHING;
INSERT INTO public.role_permissions (role_id, permission_id) VALUES (1, 38) ON CONFLICT DO NOTHING;
INSERT INTO public.role_permissions (role_id, permission_id) VALUES (1, 41) ON CONFLICT DO NOTHING;
INSERT INTO public.role_permissions (role_id, permission_id) VALUES (1, 46) ON CONFLICT DO NOTHING;
INSERT INTO public.role_permissions (role_id, permission_id) VALUES (1, 39) ON CONFLICT DO NOTHING;
INSERT INTO public.role_permissions (role_id, permission_id) VALUES (1, 44) ON CONFLICT DO NOTHING;
INSERT INTO public.role_permissions (role_id, permission_id) VALUES (1, 43) ON CONFLICT DO NOTHING;
INSERT INTO public.role_permissions (role_id, permission_id) VALUES (1, 45) ON CONFLICT DO NOTHING;
INSERT INTO public.role_permissions (role_id, permission_id) VALUES (1, 40) ON CONFLICT DO NOTHING;
INSERT INTO public.role_permissions (role_id, permission_id) VALUES (1, 224) ON CONFLICT DO NOTHING;
INSERT INTO public.role_permissions (role_id, permission_id) VALUES (1, 223) ON CONFLICT DO NOTHING;
INSERT INTO public.role_permissions (role_id, permission_id) VALUES (1, 208) ON CONFLICT DO NOTHING;
INSERT INTO public.role_permissions (role_id, permission_id) VALUES (1, 226) ON CONFLICT DO NOTHING;
INSERT INTO public.role_permissions (role_id, permission_id) VALUES (1, 229) ON CONFLICT DO NOTHING;
INSERT INTO public.role_permissions (role_id, permission_id) VALUES (1, 221) ON CONFLICT DO NOTHING;
INSERT INTO public.role_permissions (role_id, permission_id) VALUES (1, 219) ON CONFLICT DO NOTHING;
INSERT INTO public.role_permissions (role_id, permission_id) VALUES (1, 213) ON CONFLICT DO NOTHING;
INSERT INTO public.role_permissions (role_id, permission_id) VALUES (1, 214) ON CONFLICT DO NOTHING;
INSERT INTO public.role_permissions (role_id, permission_id) VALUES (1, 230) ON CONFLICT DO NOTHING;
INSERT INTO public.role_permissions (role_id, permission_id) VALUES (1, 231) ON CONFLICT DO NOTHING;
INSERT INTO public.role_permissions (role_id, permission_id) VALUES (1, 227) ON CONFLICT DO NOTHING;
INSERT INTO public.role_permissions (role_id, permission_id) VALUES (1, 225) ON CONFLICT DO NOTHING;
INSERT INTO public.role_permissions (role_id, permission_id) VALUES (1, 222) ON CONFLICT DO NOTHING;
INSERT INTO public.role_permissions (role_id, permission_id) VALUES (1, 209) ON CONFLICT DO NOTHING;
INSERT INTO public.role_permissions (role_id, permission_id) VALUES (1, 218) ON CONFLICT DO NOTHING;
INSERT INTO public.role_permissions (role_id, permission_id) VALUES (1, 210) ON CONFLICT DO NOTHING;
INSERT INTO public.role_permissions (role_id, permission_id) VALUES (1, 211) ON CONFLICT DO NOTHING;
INSERT INTO public.role_permissions (role_id, permission_id) VALUES (1, 212) ON CONFLICT DO NOTHING;
INSERT INTO public.role_permissions (role_id, permission_id) VALUES (1, 215) ON CONFLICT DO NOTHING;
INSERT INTO public.role_permissions (role_id, permission_id) VALUES (1, 216) ON CONFLICT DO NOTHING;
INSERT INTO public.role_permissions (role_id, permission_id) VALUES (1, 217) ON CONFLICT DO NOTHING;
INSERT INTO public.role_permissions (role_id, permission_id) VALUES (1, 220) ON CONFLICT DO NOTHING;
INSERT INTO public.role_permissions (role_id, permission_id) VALUES (1, 228) ON CONFLICT DO NOTHING;
INSERT INTO public.role_permissions (role_id, permission_id) VALUES (1, 34) ON CONFLICT DO NOTHING;
INSERT INTO public.role_permissions (role_id, permission_id) VALUES (1, 30) ON CONFLICT DO NOTHING;
INSERT INTO public.role_permissions (role_id, permission_id) VALUES (1, 33) ON CONFLICT DO NOTHING;
INSERT INTO public.role_permissions (role_id, permission_id) VALUES (1, 35) ON CONFLICT DO NOTHING;
INSERT INTO public.role_permissions (role_id, permission_id) VALUES (1, 461) ON CONFLICT DO NOTHING;
INSERT INTO public.role_permissions (role_id, permission_id) VALUES (1, 459) ON CONFLICT DO NOTHING;
INSERT INTO public.role_permissions (role_id, permission_id) VALUES (1, 457) ON CONFLICT DO NOTHING;
INSERT INTO public.role_permissions (role_id, permission_id) VALUES (1, 463) ON CONFLICT DO NOTHING;
INSERT INTO public.role_permissions (role_id, permission_id) VALUES (1, 465) ON CONFLICT DO NOTHING;
INSERT INTO public.role_permissions (role_id, permission_id) VALUES (1, 31) ON CONFLICT DO NOTHING;
INSERT INTO public.role_permissions (role_id, permission_id) VALUES (1, 460) ON CONFLICT DO NOTHING;
INSERT INTO public.role_permissions (role_id, permission_id) VALUES (1, 32) ON CONFLICT DO NOTHING;
INSERT INTO public.role_permissions (role_id, permission_id) VALUES (1, 36) ON CONFLICT DO NOTHING;
INSERT INTO public.role_permissions (role_id, permission_id) VALUES (1, 37) ON CONFLICT DO NOTHING;
INSERT INTO public.role_permissions (role_id, permission_id) VALUES (1, 643) ON CONFLICT DO NOTHING;
INSERT INTO public.role_permissions (role_id, permission_id) VALUES (1, 464) ON CONFLICT DO NOTHING;
INSERT INTO public.role_permissions (role_id, permission_id) VALUES (1, 462) ON CONFLICT DO NOTHING;
INSERT INTO public.role_permissions (role_id, permission_id) VALUES (1, 458) ON CONFLICT DO NOTHING;
INSERT INTO public.role_permissions (role_id, permission_id) VALUES (1, 103) ON CONFLICT DO NOTHING;
INSERT INTO public.role_permissions (role_id, permission_id) VALUES (1, 105) ON CONFLICT DO NOTHING;
INSERT INTO public.role_permissions (role_id, permission_id) VALUES (1, 104) ON CONFLICT DO NOTHING;
INSERT INTO public.role_permissions (role_id, permission_id) VALUES (1, 99) ON CONFLICT DO NOTHING;
INSERT INTO public.role_permissions (role_id, permission_id) VALUES (1, 101) ON CONFLICT DO NOTHING;
INSERT INTO public.role_permissions (role_id, permission_id) VALUES (1, 100) ON CONFLICT DO NOTHING;
INSERT INTO public.role_permissions (role_id, permission_id) VALUES (1, 102) ON CONFLICT DO NOTHING;
INSERT INTO public.role_permissions (role_id, permission_id) VALUES (1, 1) ON CONFLICT DO NOTHING;
INSERT INTO public.role_permissions (role_id, permission_id) VALUES (1, 4) ON CONFLICT DO NOTHING;
INSERT INTO public.role_permissions (role_id, permission_id) VALUES (1, 408) ON CONFLICT DO NOTHING;
INSERT INTO public.role_permissions (role_id, permission_id) VALUES (1, 409) ON CONFLICT DO NOTHING;
INSERT INTO public.role_permissions (role_id, permission_id) VALUES (1, 6) ON CONFLICT DO NOTHING;
INSERT INTO public.role_permissions (role_id, permission_id) VALUES (1, 11) ON CONFLICT DO NOTHING;
INSERT INTO public.role_permissions (role_id, permission_id) VALUES (1, 7) ON CONFLICT DO NOTHING;
INSERT INTO public.role_permissions (role_id, permission_id) VALUES (1, 12) ON CONFLICT DO NOTHING;
INSERT INTO public.role_permissions (role_id, permission_id) VALUES (1, 8) ON CONFLICT DO NOTHING;
INSERT INTO public.role_permissions (role_id, permission_id) VALUES (1, 10) ON CONFLICT DO NOTHING;
INSERT INTO public.role_permissions (role_id, permission_id) VALUES (1, 769) ON CONFLICT DO NOTHING;
INSERT INTO public.role_permissions (role_id, permission_id) VALUES (1, 773) ON CONFLICT DO NOTHING;
INSERT INTO public.role_permissions (role_id, permission_id) VALUES (1, 771) ON CONFLICT DO NOTHING;
INSERT INTO public.role_permissions (role_id, permission_id) VALUES (1, 772) ON CONFLICT DO NOTHING;
INSERT INTO public.role_permissions (role_id, permission_id) VALUES (1, 768) ON CONFLICT DO NOTHING;
INSERT INTO public.role_permissions (role_id, permission_id) VALUES (1, 770) ON CONFLICT DO NOTHING;
INSERT INTO public.role_permissions (role_id, permission_id) VALUES (1, 766) ON CONFLICT DO NOTHING;
INSERT INTO public.role_permissions (role_id, permission_id) VALUES (1, 2) ON CONFLICT DO NOTHING;
INSERT INTO public.role_permissions (role_id, permission_id) VALUES (1, 3) ON CONFLICT DO NOTHING;
INSERT INTO public.role_permissions (role_id, permission_id) VALUES (1, 5) ON CONFLICT DO NOTHING;
INSERT INTO public.role_permissions (role_id, permission_id) VALUES (1, 9) ON CONFLICT DO NOTHING;
INSERT INTO public.role_permissions (role_id, permission_id) VALUES (1, 764) ON CONFLICT DO NOTHING;
INSERT INTO public.role_permissions (role_id, permission_id) VALUES (23, 105) ON CONFLICT DO NOTHING;
INSERT INTO public.role_permissions (role_id, permission_id) VALUES (23, 103) ON CONFLICT DO NOTHING;
INSERT INTO public.role_permissions (role_id, permission_id) VALUES (23, 104) ON CONFLICT DO NOTHING;
INSERT INTO public.role_permissions (role_id, permission_id) VALUES (23, 101) ON CONFLICT DO NOTHING;
INSERT INTO public.role_permissions (role_id, permission_id) VALUES (23, 99) ON CONFLICT DO NOTHING;
INSERT INTO public.role_permissions (role_id, permission_id) VALUES (23, 102) ON CONFLICT DO NOTHING;
INSERT INTO public.role_permissions (role_id, permission_id) VALUES (23, 100) ON CONFLICT DO NOTHING;
INSERT INTO public.role_permissions (role_id, permission_id) VALUES (23, 11) ON CONFLICT DO NOTHING;
INSERT INTO public.role_permissions (role_id, permission_id) VALUES (23, 12) ON CONFLICT DO NOTHING;
INSERT INTO public.role_permissions (role_id, permission_id) VALUES (23, 774) ON CONFLICT DO NOTHING;
INSERT INTO public.role_permissions (role_id, permission_id) VALUES (15, 11) ON CONFLICT DO NOTHING;
INSERT INTO public.role_permissions (role_id, permission_id) VALUES (15, 12) ON CONFLICT DO NOTHING;
INSERT INTO public.role_permissions (role_id, permission_id) VALUES (15, 14) ON CONFLICT DO NOTHING;
INSERT INTO public.role_permissions (role_id, permission_id) VALUES (15, 21) ON CONFLICT DO NOTHING;
INSERT INTO public.role_permissions (role_id, permission_id) VALUES (15, 22) ON CONFLICT DO NOTHING;
INSERT INTO public.role_permissions (role_id, permission_id) VALUES (15, 23) ON CONFLICT DO NOTHING;
INSERT INTO public.role_permissions (role_id, permission_id) VALUES (15, 24) ON CONFLICT DO NOTHING;
INSERT INTO public.role_permissions (role_id, permission_id) VALUES (15, 25) ON CONFLICT DO NOTHING;
INSERT INTO public.role_permissions (role_id, permission_id) VALUES (15, 27) ON CONFLICT DO NOTHING;
INSERT INTO public.role_permissions (role_id, permission_id) VALUES (15, 28) ON CONFLICT DO NOTHING;
INSERT INTO public.role_permissions (role_id, permission_id) VALUES (15, 29) ON CONFLICT DO NOTHING;
INSERT INTO public.role_permissions (role_id, permission_id) VALUES (15, 106) ON CONFLICT DO NOTHING;
INSERT INTO public.role_permissions (role_id, permission_id) VALUES (16, 11) ON CONFLICT DO NOTHING;
INSERT INTO public.role_permissions (role_id, permission_id) VALUES (16, 12) ON CONFLICT DO NOTHING;
INSERT INTO public.role_permissions (role_id, permission_id) VALUES (16, 14) ON CONFLICT DO NOTHING;
INSERT INTO public.role_permissions (role_id, permission_id) VALUES (16, 21) ON CONFLICT DO NOTHING;
INSERT INTO public.role_permissions (role_id, permission_id) VALUES (16, 28) ON CONFLICT DO NOTHING;
INSERT INTO public.role_permissions (role_id, permission_id) VALUES (16, 38) ON CONFLICT DO NOTHING;
INSERT INTO public.role_permissions (role_id, permission_id) VALUES (16, 39) ON CONFLICT DO NOTHING;
INSERT INTO public.role_permissions (role_id, permission_id) VALUES (16, 40) ON CONFLICT DO NOTHING;
INSERT INTO public.role_permissions (role_id, permission_id) VALUES (16, 43) ON CONFLICT DO NOTHING;
INSERT INTO public.role_permissions (role_id, permission_id) VALUES (16, 44) ON CONFLICT DO NOTHING;
INSERT INTO public.role_permissions (role_id, permission_id) VALUES (16, 45) ON CONFLICT DO NOTHING;
INSERT INTO public.role_permissions (role_id, permission_id) VALUES (16, 46) ON CONFLICT DO NOTHING;
INSERT INTO public.role_permissions (role_id, permission_id) VALUES (16, 105) ON CONFLICT DO NOTHING;
INSERT INTO public.role_permissions (role_id, permission_id) VALUES (16, 106) ON CONFLICT DO NOTHING;
INSERT INTO public.role_permissions (role_id, permission_id) VALUES (17, 11) ON CONFLICT DO NOTHING;
INSERT INTO public.role_permissions (role_id, permission_id) VALUES (17, 12) ON CONFLICT DO NOTHING;
INSERT INTO public.role_permissions (role_id, permission_id) VALUES (17, 31) ON CONFLICT DO NOTHING;
INSERT INTO public.role_permissions (role_id, permission_id) VALUES (17, 39) ON CONFLICT DO NOTHING;
INSERT INTO public.role_permissions (role_id, permission_id) VALUES (17, 44) ON CONFLICT DO NOTHING;
INSERT INTO public.role_permissions (role_id, permission_id) VALUES (17, 58) ON CONFLICT DO NOTHING;
INSERT INTO public.role_permissions (role_id, permission_id) VALUES (17, 59) ON CONFLICT DO NOTHING;
INSERT INTO public.role_permissions (role_id, permission_id) VALUES (17, 60) ON CONFLICT DO NOTHING;
INSERT INTO public.role_permissions (role_id, permission_id) VALUES (17, 61) ON CONFLICT DO NOTHING;
INSERT INTO public.role_permissions (role_id, permission_id) VALUES (17, 62) ON CONFLICT DO NOTHING;
INSERT INTO public.role_permissions (role_id, permission_id) VALUES (17, 63) ON CONFLICT DO NOTHING;
INSERT INTO public.role_permissions (role_id, permission_id) VALUES (17, 64) ON CONFLICT DO NOTHING;
INSERT INTO public.role_permissions (role_id, permission_id) VALUES (17, 65) ON CONFLICT DO NOTHING;
INSERT INTO public.role_permissions (role_id, permission_id) VALUES (17, 66) ON CONFLICT DO NOTHING;
INSERT INTO public.role_permissions (role_id, permission_id) VALUES (17, 67) ON CONFLICT DO NOTHING;
INSERT INTO public.role_permissions (role_id, permission_id) VALUES (17, 68) ON CONFLICT DO NOTHING;
INSERT INTO public.role_permissions (role_id, permission_id) VALUES (17, 106) ON CONFLICT DO NOTHING;
INSERT INTO public.role_permissions (role_id, permission_id) VALUES (17, 107) ON CONFLICT DO NOTHING;
INSERT INTO public.role_permissions (role_id, permission_id) VALUES (17, 108) ON CONFLICT DO NOTHING;
INSERT INTO public.role_permissions (role_id, permission_id) VALUES (9, 1) ON CONFLICT DO NOTHING;
INSERT INTO public.role_permissions (role_id, permission_id) VALUES (9, 4) ON CONFLICT DO NOTHING;
INSERT INTO public.role_permissions (role_id, permission_id) VALUES (9, 7) ON CONFLICT DO NOTHING;
INSERT INTO public.role_permissions (role_id, permission_id) VALUES (9, 11) ON CONFLICT DO NOTHING;
INSERT INTO public.role_permissions (role_id, permission_id) VALUES (9, 14) ON CONFLICT DO NOTHING;
INSERT INTO public.role_permissions (role_id, permission_id) VALUES (9, 20) ON CONFLICT DO NOTHING;
INSERT INTO public.role_permissions (role_id, permission_id) VALUES (9, 21) ON CONFLICT DO NOTHING;
INSERT INTO public.role_permissions (role_id, permission_id) VALUES (9, 28) ON CONFLICT DO NOTHING;
INSERT INTO public.role_permissions (role_id, permission_id) VALUES (9, 29) ON CONFLICT DO NOTHING;
INSERT INTO public.role_permissions (role_id, permission_id) VALUES (9, 31) ON CONFLICT DO NOTHING;
INSERT INTO public.role_permissions (role_id, permission_id) VALUES (9, 35) ON CONFLICT DO NOTHING;
INSERT INTO public.role_permissions (role_id, permission_id) VALUES (9, 39) ON CONFLICT DO NOTHING;
INSERT INTO public.role_permissions (role_id, permission_id) VALUES (9, 44) ON CONFLICT DO NOTHING;
INSERT INTO public.role_permissions (role_id, permission_id) VALUES (9, 46) ON CONFLICT DO NOTHING;
INSERT INTO public.role_permissions (role_id, permission_id) VALUES (9, 48) ON CONFLICT DO NOTHING;
INSERT INTO public.role_permissions (role_id, permission_id) VALUES (9, 52) ON CONFLICT DO NOTHING;
INSERT INTO public.role_permissions (role_id, permission_id) VALUES (9, 57) ON CONFLICT DO NOTHING;
INSERT INTO public.role_permissions (role_id, permission_id) VALUES (9, 59) ON CONFLICT DO NOTHING;
INSERT INTO public.role_permissions (role_id, permission_id) VALUES (9, 62) ON CONFLICT DO NOTHING;
INSERT INTO public.role_permissions (role_id, permission_id) VALUES (9, 65) ON CONFLICT DO NOTHING;
INSERT INTO public.role_permissions (role_id, permission_id) VALUES (9, 68) ON CONFLICT DO NOTHING;
INSERT INTO public.role_permissions (role_id, permission_id) VALUES (9, 70) ON CONFLICT DO NOTHING;
INSERT INTO public.role_permissions (role_id, permission_id) VALUES (9, 77) ON CONFLICT DO NOTHING;
INSERT INTO public.role_permissions (role_id, permission_id) VALUES (9, 79) ON CONFLICT DO NOTHING;
INSERT INTO public.role_permissions (role_id, permission_id) VALUES (9, 82) ON CONFLICT DO NOTHING;
INSERT INTO public.role_permissions (role_id, permission_id) VALUES (9, 84) ON CONFLICT DO NOTHING;
INSERT INTO public.role_permissions (role_id, permission_id) VALUES (9, 89) ON CONFLICT DO NOTHING;
INSERT INTO public.role_permissions (role_id, permission_id) VALUES (9, 90) ON CONFLICT DO NOTHING;
INSERT INTO public.role_permissions (role_id, permission_id) VALUES (9, 92) ON CONFLICT DO NOTHING;
INSERT INTO public.role_permissions (role_id, permission_id) VALUES (9, 93) ON CONFLICT DO NOTHING;
INSERT INTO public.role_permissions (role_id, permission_id) VALUES (9, 94) ON CONFLICT DO NOTHING;
INSERT INTO public.role_permissions (role_id, permission_id) VALUES (9, 96) ON CONFLICT DO NOTHING;
INSERT INTO public.role_permissions (role_id, permission_id) VALUES (9, 97) ON CONFLICT DO NOTHING;
INSERT INTO public.role_permissions (role_id, permission_id) VALUES (9, 99) ON CONFLICT DO NOTHING;
INSERT INTO public.role_permissions (role_id, permission_id) VALUES (9, 101) ON CONFLICT DO NOTHING;
INSERT INTO public.role_permissions (role_id, permission_id) VALUES (9, 104) ON CONFLICT DO NOTHING;
INSERT INTO public.role_permissions (role_id, permission_id) VALUES (9, 106) ON CONFLICT DO NOTHING;
INSERT INTO public.role_permissions (role_id, permission_id) VALUES (9, 107) ON CONFLICT DO NOTHING;
INSERT INTO public.role_permissions (role_id, permission_id) VALUES (9, 108) ON CONFLICT DO NOTHING;
INSERT INTO public.role_permissions (role_id, permission_id) VALUES (9, 109) ON CONFLICT DO NOTHING;
INSERT INTO public.role_permissions (role_id, permission_id) VALUES (9, 209) ON CONFLICT DO NOTHING;
INSERT INTO public.role_permissions (role_id, permission_id) VALUES (9, 213) ON CONFLICT DO NOTHING;
INSERT INTO public.role_permissions (role_id, permission_id) VALUES (9, 214) ON CONFLICT DO NOTHING;
INSERT INTO public.role_permissions (role_id, permission_id) VALUES (9, 222) ON CONFLICT DO NOTHING;
INSERT INTO public.role_permissions (role_id, permission_id) VALUES (9, 225) ON CONFLICT DO NOTHING;
INSERT INTO public.role_permissions (role_id, permission_id) VALUES (9, 227) ON CONFLICT DO NOTHING;
INSERT INTO public.role_permissions (role_id, permission_id) VALUES (9, 230) ON CONFLICT DO NOTHING;
INSERT INTO public.role_permissions (role_id, permission_id) VALUES (9, 231) ON CONFLICT DO NOTHING;
INSERT INTO public.role_permissions (role_id, permission_id) VALUES (9, 232) ON CONFLICT DO NOTHING;
INSERT INTO public.role_permissions (role_id, permission_id) VALUES (9, 236) ON CONFLICT DO NOTHING;
INSERT INTO public.role_permissions (role_id, permission_id) VALUES (9, 238) ON CONFLICT DO NOTHING;
INSERT INTO public.role_permissions (role_id, permission_id) VALUES (9, 239) ON CONFLICT DO NOTHING;
INSERT INTO public.role_permissions (role_id, permission_id) VALUES (9, 241) ON CONFLICT DO NOTHING;
INSERT INTO public.role_permissions (role_id, permission_id) VALUES (9, 243) ON CONFLICT DO NOTHING;
INSERT INTO public.role_permissions (role_id, permission_id) VALUES (9, 244) ON CONFLICT DO NOTHING;
INSERT INTO public.role_permissions (role_id, permission_id) VALUES (9, 245) ON CONFLICT DO NOTHING;
INSERT INTO public.role_permissions (role_id, permission_id) VALUES (9, 258) ON CONFLICT DO NOTHING;
INSERT INTO public.role_permissions (role_id, permission_id) VALUES (9, 408) ON CONFLICT DO NOTHING;
INSERT INTO public.role_permissions (role_id, permission_id) VALUES (9, 457) ON CONFLICT DO NOTHING;
INSERT INTO public.role_permissions (role_id, permission_id) VALUES (9, 459) ON CONFLICT DO NOTHING;
INSERT INTO public.role_permissions (role_id, permission_id) VALUES (9, 461) ON CONFLICT DO NOTHING;
INSERT INTO public.role_permissions (role_id, permission_id) VALUES (9, 463) ON CONFLICT DO NOTHING;
INSERT INTO public.role_permissions (role_id, permission_id) VALUES (9, 465) ON CONFLICT DO NOTHING;
INSERT INTO public.role_permissions (role_id, permission_id) VALUES (19, 11) ON CONFLICT DO NOTHING;
INSERT INTO public.role_permissions (role_id, permission_id) VALUES (19, 12) ON CONFLICT DO NOTHING;
INSERT INTO public.role_permissions (role_id, permission_id) VALUES (19, 69) ON CONFLICT DO NOTHING;
INSERT INTO public.role_permissions (role_id, permission_id) VALUES (19, 70) ON CONFLICT DO NOTHING;
INSERT INTO public.role_permissions (role_id, permission_id) VALUES (19, 71) ON CONFLICT DO NOTHING;
INSERT INTO public.role_permissions (role_id, permission_id) VALUES (19, 73) ON CONFLICT DO NOTHING;
INSERT INTO public.role_permissions (role_id, permission_id) VALUES (19, 74) ON CONFLICT DO NOTHING;
INSERT INTO public.role_permissions (role_id, permission_id) VALUES (19, 75) ON CONFLICT DO NOTHING;
INSERT INTO public.role_permissions (role_id, permission_id) VALUES (19, 76) ON CONFLICT DO NOTHING;
INSERT INTO public.role_permissions (role_id, permission_id) VALUES (19, 77) ON CONFLICT DO NOTHING;
INSERT INTO public.role_permissions (role_id, permission_id) VALUES (19, 78) ON CONFLICT DO NOTHING;
INSERT INTO public.role_permissions (role_id, permission_id) VALUES (19, 106) ON CONFLICT DO NOTHING;
INSERT INTO public.role_permissions (role_id, permission_id) VALUES (20, 11) ON CONFLICT DO NOTHING;
INSERT INTO public.role_permissions (role_id, permission_id) VALUES (20, 12) ON CONFLICT DO NOTHING;
INSERT INTO public.role_permissions (role_id, permission_id) VALUES (20, 79) ON CONFLICT DO NOTHING;
INSERT INTO public.role_permissions (role_id, permission_id) VALUES (20, 80) ON CONFLICT DO NOTHING;
INSERT INTO public.role_permissions (role_id, permission_id) VALUES (20, 81) ON CONFLICT DO NOTHING;
INSERT INTO public.role_permissions (role_id, permission_id) VALUES (20, 82) ON CONFLICT DO NOTHING;
INSERT INTO public.role_permissions (role_id, permission_id) VALUES (21, 11) ON CONFLICT DO NOTHING;
INSERT INTO public.role_permissions (role_id, permission_id) VALUES (21, 12) ON CONFLICT DO NOTHING;
INSERT INTO public.role_permissions (role_id, permission_id) VALUES (21, 14) ON CONFLICT DO NOTHING;
INSERT INTO public.role_permissions (role_id, permission_id) VALUES (21, 35) ON CONFLICT DO NOTHING;
INSERT INTO public.role_permissions (role_id, permission_id) VALUES (21, 52) ON CONFLICT DO NOTHING;
INSERT INTO public.role_permissions (role_id, permission_id) VALUES (21, 57) ON CONFLICT DO NOTHING;
INSERT INTO public.role_permissions (role_id, permission_id) VALUES (21, 83) ON CONFLICT DO NOTHING;
INSERT INTO public.role_permissions (role_id, permission_id) VALUES (21, 84) ON CONFLICT DO NOTHING;
INSERT INTO public.role_permissions (role_id, permission_id) VALUES (21, 85) ON CONFLICT DO NOTHING;
INSERT INTO public.role_permissions (role_id, permission_id) VALUES (21, 86) ON CONFLICT DO NOTHING;
INSERT INTO public.role_permissions (role_id, permission_id) VALUES (21, 87) ON CONFLICT DO NOTHING;
INSERT INTO public.role_permissions (role_id, permission_id) VALUES (21, 88) ON CONFLICT DO NOTHING;
INSERT INTO public.role_permissions (role_id, permission_id) VALUES (21, 89) ON CONFLICT DO NOTHING;
INSERT INTO public.role_permissions (role_id, permission_id) VALUES (21, 90) ON CONFLICT DO NOTHING;
INSERT INTO public.role_permissions (role_id, permission_id) VALUES (21, 91) ON CONFLICT DO NOTHING;
INSERT INTO public.role_permissions (role_id, permission_id) VALUES (21, 106) ON CONFLICT DO NOTHING;
INSERT INTO public.role_permissions (role_id, permission_id) VALUES (22, 11) ON CONFLICT DO NOTHING;
INSERT INTO public.role_permissions (role_id, permission_id) VALUES (22, 12) ON CONFLICT DO NOTHING;
INSERT INTO public.role_permissions (role_id, permission_id) VALUES (22, 14) ON CONFLICT DO NOTHING;
INSERT INTO public.role_permissions (role_id, permission_id) VALUES (22, 92) ON CONFLICT DO NOTHING;
INSERT INTO public.role_permissions (role_id, permission_id) VALUES (22, 93) ON CONFLICT DO NOTHING;
INSERT INTO public.role_permissions (role_id, permission_id) VALUES (22, 94) ON CONFLICT DO NOTHING;
INSERT INTO public.role_permissions (role_id, permission_id) VALUES (22, 95) ON CONFLICT DO NOTHING;
INSERT INTO public.role_permissions (role_id, permission_id) VALUES (22, 96) ON CONFLICT DO NOTHING;
INSERT INTO public.role_permissions (role_id, permission_id) VALUES (36, 11) ON CONFLICT DO NOTHING;
INSERT INTO public.role_permissions (role_id, permission_id) VALUES (36, 12) ON CONFLICT DO NOTHING;
INSERT INTO public.role_permissions (role_id, permission_id) VALUES (36, 70) ON CONFLICT DO NOTHING;
INSERT INTO public.role_permissions (role_id, permission_id) VALUES (36, 77) ON CONFLICT DO NOTHING;
INSERT INTO public.role_permissions (role_id, permission_id) VALUES (36, 106) ON CONFLICT DO NOTHING;
INSERT INTO public.role_permissions (role_id, permission_id) VALUES (36, 208) ON CONFLICT DO NOTHING;
INSERT INTO public.role_permissions (role_id, permission_id) VALUES (36, 209) ON CONFLICT DO NOTHING;
INSERT INTO public.role_permissions (role_id, permission_id) VALUES (36, 210) ON CONFLICT DO NOTHING;
INSERT INTO public.role_permissions (role_id, permission_id) VALUES (36, 211) ON CONFLICT DO NOTHING;
INSERT INTO public.role_permissions (role_id, permission_id) VALUES (36, 212) ON CONFLICT DO NOTHING;
INSERT INTO public.role_permissions (role_id, permission_id) VALUES (36, 213) ON CONFLICT DO NOTHING;
INSERT INTO public.role_permissions (role_id, permission_id) VALUES (36, 214) ON CONFLICT DO NOTHING;
INSERT INTO public.role_permissions (role_id, permission_id) VALUES (36, 215) ON CONFLICT DO NOTHING;
INSERT INTO public.role_permissions (role_id, permission_id) VALUES (36, 216) ON CONFLICT DO NOTHING;
INSERT INTO public.role_permissions (role_id, permission_id) VALUES (36, 217) ON CONFLICT DO NOTHING;
INSERT INTO public.role_permissions (role_id, permission_id) VALUES (36, 218) ON CONFLICT DO NOTHING;
INSERT INTO public.role_permissions (role_id, permission_id) VALUES (36, 219) ON CONFLICT DO NOTHING;
INSERT INTO public.role_permissions (role_id, permission_id) VALUES (36, 220) ON CONFLICT DO NOTHING;
INSERT INTO public.role_permissions (role_id, permission_id) VALUES (36, 221) ON CONFLICT DO NOTHING;
INSERT INTO public.role_permissions (role_id, permission_id) VALUES (36, 222) ON CONFLICT DO NOTHING;
INSERT INTO public.role_permissions (role_id, permission_id) VALUES (36, 225) ON CONFLICT DO NOTHING;
INSERT INTO public.role_permissions (role_id, permission_id) VALUES (37, 11) ON CONFLICT DO NOTHING;
INSERT INTO public.role_permissions (role_id, permission_id) VALUES (37, 12) ON CONFLICT DO NOTHING;
INSERT INTO public.role_permissions (role_id, permission_id) VALUES (37, 209) ON CONFLICT DO NOTHING;
INSERT INTO public.role_permissions (role_id, permission_id) VALUES (37, 226) ON CONFLICT DO NOTHING;
INSERT INTO public.role_permissions (role_id, permission_id) VALUES (37, 227) ON CONFLICT DO NOTHING;
INSERT INTO public.role_permissions (role_id, permission_id) VALUES (37, 228) ON CONFLICT DO NOTHING;
INSERT INTO public.role_permissions (role_id, permission_id) VALUES (37, 229) ON CONFLICT DO NOTHING;
INSERT INTO public.role_permissions (role_id, permission_id) VALUES (37, 230) ON CONFLICT DO NOTHING;
INSERT INTO public.role_permissions (role_id, permission_id) VALUES (37, 231) ON CONFLICT DO NOTHING;
INSERT INTO public.role_permissions (role_id, permission_id) VALUES (38, 11) ON CONFLICT DO NOTHING;
INSERT INTO public.role_permissions (role_id, permission_id) VALUES (38, 12) ON CONFLICT DO NOTHING;
INSERT INTO public.role_permissions (role_id, permission_id) VALUES (38, 14) ON CONFLICT DO NOTHING;
INSERT INTO public.role_permissions (role_id, permission_id) VALUES (38, 31) ON CONFLICT DO NOTHING;
INSERT INTO public.role_permissions (role_id, permission_id) VALUES (38, 35) ON CONFLICT DO NOTHING;
INSERT INTO public.role_permissions (role_id, permission_id) VALUES (38, 47) ON CONFLICT DO NOTHING;
INSERT INTO public.role_permissions (role_id, permission_id) VALUES (38, 48) ON CONFLICT DO NOTHING;
INSERT INTO public.role_permissions (role_id, permission_id) VALUES (38, 49) ON CONFLICT DO NOTHING;
INSERT INTO public.role_permissions (role_id, permission_id) VALUES (38, 50) ON CONFLICT DO NOTHING;
INSERT INTO public.role_permissions (role_id, permission_id) VALUES (38, 51) ON CONFLICT DO NOTHING;
INSERT INTO public.role_permissions (role_id, permission_id) VALUES (38, 52) ON CONFLICT DO NOTHING;
INSERT INTO public.role_permissions (role_id, permission_id) VALUES (38, 53) ON CONFLICT DO NOTHING;
INSERT INTO public.role_permissions (role_id, permission_id) VALUES (38, 55) ON CONFLICT DO NOTHING;
INSERT INTO public.role_permissions (role_id, permission_id) VALUES (38, 56) ON CONFLICT DO NOTHING;
INSERT INTO public.role_permissions (role_id, permission_id) VALUES (38, 57) ON CONFLICT DO NOTHING;
INSERT INTO public.role_permissions (role_id, permission_id) VALUES (38, 97) ON CONFLICT DO NOTHING;
INSERT INTO public.role_permissions (role_id, permission_id) VALUES (38, 106) ON CONFLICT DO NOTHING;
INSERT INTO public.role_permissions (role_id, permission_id) VALUES (38, 107) ON CONFLICT DO NOTHING;
INSERT INTO public.role_permissions (role_id, permission_id) VALUES (38, 232) ON CONFLICT DO NOTHING;
INSERT INTO public.role_permissions (role_id, permission_id) VALUES (38, 233) ON CONFLICT DO NOTHING;
INSERT INTO public.role_permissions (role_id, permission_id) VALUES (38, 234) ON CONFLICT DO NOTHING;
INSERT INTO public.role_permissions (role_id, permission_id) VALUES (38, 235) ON CONFLICT DO NOTHING;
INSERT INTO public.role_permissions (role_id, permission_id) VALUES (38, 236) ON CONFLICT DO NOTHING;
INSERT INTO public.role_permissions (role_id, permission_id) VALUES (38, 237) ON CONFLICT DO NOTHING;
INSERT INTO public.role_permissions (role_id, permission_id) VALUES (38, 238) ON CONFLICT DO NOTHING;
INSERT INTO public.role_permissions (role_id, permission_id) VALUES (38, 239) ON CONFLICT DO NOTHING;
INSERT INTO public.role_permissions (role_id, permission_id) VALUES (38, 240) ON CONFLICT DO NOTHING;
INSERT INTO public.role_permissions (role_id, permission_id) VALUES (38, 241) ON CONFLICT DO NOTHING;
INSERT INTO public.role_permissions (role_id, permission_id) VALUES (38, 242) ON CONFLICT DO NOTHING;
INSERT INTO public.role_permissions (role_id, permission_id) VALUES (38, 243) ON CONFLICT DO NOTHING;
INSERT INTO public.role_permissions (role_id, permission_id) VALUES (38, 244) ON CONFLICT DO NOTHING;
INSERT INTO public.role_permissions (role_id, permission_id) VALUES (38, 245) ON CONFLICT DO NOTHING;
INSERT INTO public.role_permissions (role_id, permission_id) VALUES (38, 457) ON CONFLICT DO NOTHING;
INSERT INTO public.role_permissions (role_id, permission_id) VALUES (38, 458) ON CONFLICT DO NOTHING;
INSERT INTO public.role_permissions (role_id, permission_id) VALUES (38, 459) ON CONFLICT DO NOTHING;
INSERT INTO public.role_permissions (role_id, permission_id) VALUES (38, 460) ON CONFLICT DO NOTHING;
INSERT INTO public.role_permissions (role_id, permission_id) VALUES (38, 461) ON CONFLICT DO NOTHING;
INSERT INTO public.role_permissions (role_id, permission_id) VALUES (38, 462) ON CONFLICT DO NOTHING;
INSERT INTO public.role_permissions (role_id, permission_id) VALUES (38, 463) ON CONFLICT DO NOTHING;
INSERT INTO public.role_permissions (role_id, permission_id) VALUES (38, 464) ON CONFLICT DO NOTHING;
INSERT INTO public.role_permissions (role_id, permission_id) VALUES (38, 465) ON CONFLICT DO NOTHING;

-- ── 4. RESET SEQUENCES ────────────────────────
SELECT setval('public.permissions_id_seq', GREATEST((SELECT MAX(id) FROM permissions), 1), true);
SELECT setval('public.roles_id_seq', GREATEST((SELECT MAX(id) FROM roles), 1), true);

-- ── 5. ADMIN USER ─────────────────────────────
-- Email:    admin@naturalglowra.com
-- Password: admin123
INSERT INTO public.users (name, last_name, email, password_hash, role_id, status, is_deleted, is_active)
VALUES (
  'Admin',
  'Glowra',
  'admin@naturalglowra.com',
  '$2b$10$I2jvV5Pd30K6mK0VtXzatOnSLDZM.3k7i1pA4WzgNkMqQL9ObhWdK',
  12,
  'active',
  false,
  true
)
ON CONFLICT (email) DO NOTHING;

-- ── 6. LINK ADMIN USER TO SUPER ADMIN ROLE ────
-- The RBAC system uses user_roles junction table (not users.role_id)
INSERT INTO public.user_roles (user_id, role_id, assigned_at)
SELECT u.id, 12, NOW()
FROM public.users u
WHERE u.email = 'admin@naturalglowra.com'
  AND NOT EXISTS (
    SELECT 1 FROM public.user_roles ur
    WHERE ur.user_id = u.id AND ur.role_id = 12
  );

COMMIT;

-- ── VERIFY ────────────────────────────────────
SELECT 'permissions' AS table_name, count(*) AS row_count FROM permissions
UNION ALL
SELECT 'roles', count(*) FROM roles
UNION ALL
SELECT 'role_permissions', count(*) FROM role_permissions
UNION ALL
SELECT 'admin_user', count(*) FROM users WHERE email = 'admin@naturalglowra.com';
